"Titre","Image","Monnaie","Numero_Item","Date","Evaluation","Nombre_d_evaluations","Prix"
"Samsung Galaxy S25, Smartphone Android 5G avec Galaxy AI, 256 Go, Chargeur secteur rapide 25W inclus, Smartphone déverrouillé, Bleu Nuit, Version FR","https://m.media-amazon.com/images/I/51jR3AYsw0L.__AC_SX300_SY300_QL70_ML2_.jpg","€",2,"2025-02-18",3.3,5,801.67
"Xiaomi Redmi 14C Téléphone portable Android 8 + 256 Go G81 Ultra Processeur 2,0 GHz, écran 6,88"", double caméra AI 50 MP, batterie 5160 mAh, avec charge rapide 18 W, sans NFC (noir)","https://m.media-amazon.com/images/I/51ZnQD6wkxL.__AC_SX300_SY300_QL70_ML2_.jpg","€",4,"2025-02-18",5.0,1,147.0
"HUAWEI Pura 70 Pro Smartphone, 12GB + 512GB,écran à Bords Plats, Prend en Charge Les fonctionnalités Capture Ultra-Rapide, Téléobjectif Macro Ultra Lumineux, 100W Supercharge, Batterie de 5050mAh,Noir","https://m.media-amazon.com/images/I/71Phj5dSsUL.__AC_SX300_SY300_QL70_ML2_.jpg","€",3,"2025-02-18",4.3,67,795.62
"Google Pixel 9 – Smartphone Android débloqué avec Gemini, Appareil Photo avancé, 24 Heures d'autonomie et écran Actua 6,3 Pouces – Noir Volcanique, 256GB","https://m.media-amazon.com/images/I/61bG6IqyD5L.__AC_SX300_SY300_QL70_ML2_.jpg","€",0,"2025-02-18",4.4,341,700.04
"Apple iPhone 16 Pro Max (256 Go) - Titane Noir","https://m.media-amazon.com/images/I/61cUeqowwZL.__AC_SY445_SX342_QL70_ML2_.jpg","€",1,"2025-02-18",4.3,606,1366.99
"Samsung Galaxy S25, Smartphone Android 5G avec Galaxy AI, 256 Go, Chargeur secteur rapide 25W inclus, Smartphone déverrouillé, Bleu Nuit, Version FR","https://m.media-amazon.com/images/I/51jR3AYsw0L.__AC_SX300_SY300_QL70_ML2_.jpg","€",2,"2025-02-19",3.4,5,801.67
"Xiaomi Redmi 14C Téléphone portable Android 8 + 256 Go G81 Ultra Processeur 2,0 GHz, écran 6,88"", double caméra AI 50 MP, batterie 5160 mAh, avec charge rapide 18 W, sans NFC (noir)","https://m.media-amazon.com/images/I/51ZnQD6wkxL.__AC_SX300_SY300_QL70_ML2_.jpg","€",4,"2025-02-19",5.0,2,147.0
"Samsung Galaxy S25, Smartphone Android 5G avec Galaxy AI, 256 Go, Chargeur secteur rapide 25W inclus, Smartphone déverrouillé, Bleu Nuit, Version FR","https://m.media-amazon.com/images/I/51jR3AYsw0L.__AC_SX300_SY300_QL70_ML2_.jpg","€",2,"2025-02-20",3.5,6,801.67
"HUAWEI Pura 70 Pro Smartphone, 12GB + 512GB,écran à Bords Plats, Prend en Charge Les fonctionnalités Capture Ultra-Rapide, Téléobjectif Macro Ultra Lumineux, 100W Supercharge, Batterie de 5050mAh,Noir","https://m.media-amazon.com/images/I/71Phj5dSsUL.__AC_SX300_SY300_QL70_ML2_.jpg","€",3,"2025-02-20",4.3,68,793.33
"Google Pixel 9 – Smartphone Android débloqué avec Gemini, Appareil Photo avancé, 24 Heures d'autonomie et écran Actua 6,3 Pouces – Noir Volcanique, 256GB","https://m.media-amazon.com/images/I/61bG6IqyD5L.__AC_SX300_SY300_QL70_ML2_.jpg","€",0,"2025-02-20",4.4,343,700.04
"Xiaomi Redmi 14C Téléphone portable Android 8 + 256 Go G81 Ultra Processeur 2,0 GHz, écran 6,88"", double caméra AI 50 MP, batterie 5160 mAh, avec charge rapide 18 W, sans NFC (noir)","https://m.media-amazon.com/images/I/51ZnQD6wkxL.__AC_SX300_SY300_QL70_ML2_.jpg","€",4,"2025-02-20",4.4,4,147.0
"Apple iPhone 16 Pro Max (256 Go) - Titane Noir","https://m.media-amazon.com/images/I/61cUeqowwZL.__AC_SY445_SX342_QL70_ML2_.jpg","€",1,"2025-02-20",4.3,609,1139.16
"HUAWEI Pura 70 Pro Smartphone, 12GB + 512GB,écran à Bords Plats, Prend en Charge Les fonctionnalités Capture Ultra-Rapide, Téléobjectif Macro Ultra Lumineux, 100W Supercharge, Batterie de 5050mAh,Noir","https://m.media-amazon.com/images/I/71Phj5dSsUL.__AC_SX300_SY300_QL70_ML2_.jpg","€",3,"2025-02-20",4.3,68,794.74
"Apple iPhone 16 Pro Max (256 Go) - Titane Noir","https://m.media-amazon.com/images/I/61cUeqowwZL.__AC_SY445_SX342_QL70_ML2_.jpg","€",1,"2025-02-20",4.3,615,1139.16
"Xiaomi Redmi 14C Téléphone portable Android 8 + 256 Go G81 Ultra Processeur 2,0 GHz, écran 6,88"", double caméra AI 50 MP, batterie 5160 mAh, avec charge rapide 18 W, sans NFC (noir)","https://m.media-amazon.com/images/I/51ZnQD6wkxL.__AC_SX300_SY300_QL70_ML2_.jpg","€",4,"2025-02-20",4.4,4,139.0
"Google Pixel 9 – Smartphone Android débloqué avec Gemini, Appareil Photo avancé, 24 Heures d'autonomie et écran Actua 6,3 Pouces – Noir Volcanique, 256GB","https://m.media-amazon.com/images/I/61bG6IqyD5L.__AC_SX300_SY300_QL70_ML2_.jpg","€",0,"2025-02-20",4.4,344,700.04
"Google Pixel 9 – Smartphone Android débloqué avec Gemini, Appareil Photo avancé, 24 Heures d'autonomie et écran Actua 6,3 Pouces – Noir Volcanique, 256GB","https://m.media-amazon.com/images/I/61bG6IqyD5L.__AC_SX300_SY300_QL70_ML2_.jpg","€",0,"2025-02-20",4.4,344,700.04
"HUAWEI Pura 70 Pro Smartphone, 12GB + 512GB,écran à Bords Plats, Prend en Charge Les fonctionnalités Capture Ultra-Rapide, Téléobjectif Macro Ultra Lumineux, 100W Supercharge, Batterie de 5050mAh,Noir","https://m.media-amazon.com/images/I/71Phj5dSsUL.__AC_SX300_SY300_QL70_ML2_.jpg","€",3,"2025-02-20",4.3,68,794.74
"Xiaomi Redmi 14C Téléphone portable Android 8 + 256 Go G81 Ultra Processeur 2,0 GHz, écran 6,88"", double caméra AI 50 MP, batterie 5160 mAh, avec charge rapide 18 W, sans NFC (noir)","https://m.media-amazon.com/images/I/51ZnQD6wkxL.__AC_SX300_SY300_QL70_ML2_.jpg","€",4,"2025-02-20",4.4,4,139.0
"Microsoft - Pack Surface Pro 7+ (Windows 11, écran Tactile 13'', 16 Go RAM, 256 Go SSD, Intel Core i5) Ordinateur Portable Platine + Clavier AZERTY Noir","https://m.media-amazon.com/images/I/517Hb8aUNfL.__AC_SY300_SX300_QL70_ML2_.jpg","€",7,"2025-02-20",4.7,22,1457.49
"Microsoft Surface Laptop Go (Windows 10, écran tactile 12,45"", Intel Core i5, 8 Go RAM, 256 Go SSD, clavier AZERTY français) - Bleu Glacier - L'ordinateur portable Surface le plus léger","https://m.media-amazon.com/images/I/61Uz20r08cL.__AC_SX300_SY300_QL70_ML2_.jpg","€",8,"2025-02-20",4.4,316,795.82
"Lenovo Legion Pro 5 16IRX8 - Ordinateur Portable 16'' WQXGA 165Hz (Intel Core i7-13700HX, RAM 32Go, SSD 1To, NVIDIA RTX 4070 8Go, Windows 11 Home) Clavier rétroéclairé AZERTY Français - Gris","https://m.media-amazon.com/images/I/818nqu6M8QL.__AC_SY300_SX300_QL70_ML2_.jpg","€",9,"2025-02-20",4.0,16,2166.66
"Lenovo Yoga Pro 7 14IRH8 - Ordinateur Portable 14.5'' 3K (Intel Core i7-13700H, RAM 16Go, SSD 1To, NVIDIA GeForce RTX 4050 6Go, Windows 11 Home) Clavier rétroéclairé AZERTY Français - Bleu","https://m.media-amazon.com/images/I/71mOEvGML9L.__AC_SX300_SY300_QL70_ML2_.jpg","€",10,"2025-02-20",4.2,8,1481.46
"Asus ROG Zephyrus G16-GU605MV-Q28W 16"" 2.5K OLED 240Hz PC Portable (Intel Ultra 7 Processor 4.8 GHz 16 Go RAM LPDDR5X 1 To SSD PCIe 4.0 NVMe NVIDIA RTX 4060 TGP 100W, Windows 11 Home) – Clavier AZERTY","https://m.media-amazon.com/images/I/71dPLFrNmQL.__AC_SY300_SX300_QL70_ML2_.jpg","€",12,"2025-02-20","",0,1507.48
"Lenovo Yoga Pro 7 14IRH8 - Ordinateur Portable 14.5'' 3K (Intel Core i7-13700H, RAM 16Go, SSD 1To, NVIDIA GeForce RTX 4050 6Go, Windows 11 Home) Clavier rétroéclairé AZERTY Français - Bleu","https://m.media-amazon.com/images/I/71mOEvGML9L.__AC_SX300_SY300_QL70_ML2_.jpg","€",14,"2025-02-20",4.2,8,1481.46
"Asus TUF Gaming A15-TUF507NUR-LP052 15.6 Pouces FHD 144Hz PC Portable (Processeur AMD Ryzen 7 7435HS 4.5 GHz, 16GB DDR5 RAM, 512GB SSD, NVIDIA GeForce RTX 4050 TGP 140W, sans OS) - Clavier AZERTY","https://m.media-amazon.com/images/I/816P5iAakXL.__AC_SX300_SY300_QL70_ML2_.jpg","€",11,"2025-02-20",3.8,15,749.99
"Dell XPS 15 9530 Intel Core i7 Ordinateur Portable 15.6"" | OLED 3.5K Tactile | Silver Black - 16 Go de RAM, SSD 1To, NVIDIA GeForce RTX 4060 - Win 11 Home - Clavier Azerty","https://m.media-amazon.com/images/I/71I2fkoBRCL.__AC_SY300_SX300_QL70_ML2_.jpg","€",13,"2025-02-20",3.6,17,2415.83
"Apple iPhone 16 Pro Max (256 Go) - Titane Noir","https://m.media-amazon.com/images/I/61cUeqowwZL.__AC_SY445_SX342_QL70_ML2_.jpg","€",1,"2025-02-20",4.3,614,1139.16
"Microsoft Surface Pro (chargeur inclus) | Copilot+ PC | Ecran tactile OLED 13” | Snapdragon® X Elite | 16Go RAM | SSD 256Go | Dernier Modèle, 11ème Edition | Noir | Exclusivité Amazon","https://m.media-amazon.com/images/I/61JpzaEa6iL.__AC_SX300_SY300_QL70_ML2_.jpg","€",5,"2025-02-20",4.1,120,1374.17
"Microsoft Surface Laptop Studio 2 (Windows 11, écran tactile 14.4 pouces, 32 Go RAM, 1 To SSD, Intel Core i7, NVIDIA GeForce RTX 4050 Ti, Platine, clavier français) Polyvalence, puissance pour réussir","https://m.media-amazon.com/images/I/6104lZBbYeL.__AC_SX300_SY300_QL70_ML2_.jpg","€",6,"2025-02-20",5.0,4,2636.52
"Google Pixel 9 – Smartphone Android débloqué avec Gemini, Appareil Photo avancé, 24 Heures d'autonomie et écran Actua 6,3 Pouces – Noir Volcanique, 256GB","https://m.media-amazon.com/images/I/61bG6IqyD5L.__AC_SX300_SY300_QL70_ML2_.jpg","€",0,"2025-02-21",4.4,344,707.5
"Apple iPhone 16 Pro Max (256 Go) - Titane Noir","https://m.media-amazon.com/images/I/61cUeqowwZL.__AC_SY445_SX342_QL70_ML2_.jpg","€",1,"2025-02-21",4.3,614,1139.16
"HUAWEI Pura 70 Pro Smartphone, 12GB + 512GB,écran à Bords Plats, Prend en Charge Les fonctionnalités Capture Ultra-Rapide, Téléobjectif Macro Ultra Lumineux, 100W Supercharge, Batterie de 5050mAh,Noir","https://m.media-amazon.com/images/I/71Phj5dSsUL.__AC_SX300_SY300_QL70_ML2_.jpg","€",3,"2025-02-21",4.3,68,794.74
"Xiaomi Redmi 14C Téléphone portable Android 8 + 256 Go G81 Ultra Processeur 2,0 GHz, écran 6,88"", double caméra AI 50 MP, batterie 5160 mAh, avec charge rapide 18 W, sans NFC (noir)","https://m.media-amazon.com/images/I/51ZnQD6wkxL.__AC_SX300_SY300_QL70_ML2_.jpg","€",4,"2025-02-21",4.4,4,139.0
"Google Pixel 9 – Smartphone Android débloqué avec Gemini, Appareil Photo avancé, 24 Heures d'autonomie et écran Actua 6,3 Pouces – Noir Volcanique, 256GB","https://m.media-amazon.com/images/I/61bG6IqyD5L.__AC_SX300_SY300_QL70_ML2_.jpg","€",0,"2025-02-21",4.4,346,707.5
"Samsung Galaxy S25, Smartphone Android 5G avec Galaxy AI, 256 Go, Chargeur secteur rapide 25W inclus, Smartphone déverrouillé, Bleu Nuit, Version FR","https://m.media-amazon.com/images/I/51jR3AYsw0L.__AC_SX300_SY300_QL70_ML2_.jpg","€",2,"2025-02-21",3.5,7,799.17
"Microsoft Surface Laptop Studio 2 (Windows 11, écran tactile 14.4 pouces, 32 Go RAM, 1 To SSD, Intel Core i7, NVIDIA GeForce RTX 4050 Ti, Platine, clavier français) Polyvalence, puissance pour réussir","https://m.media-amazon.com/images/I/6104lZBbYeL.__AC_SX300_SY300_QL70_ML2_.jpg","€",6,"2025-02-21",5.0,4,2612.5
"Apple iPhone 16 Pro Max (256 Go) - Titane Noir","https://m.media-amazon.com/images/I/61cUeqowwZL.__AC_SY445_SX342_QL70_ML2_.jpg","€",1,"2025-02-21",4.3,620,1366.99
"HUAWEI Pura 70 Pro Smartphone, 12GB + 512GB,écran à Bords Plats, Prend en Charge Les fonctionnalités Capture Ultra-Rapide, Téléobjectif Macro Ultra Lumineux, 100W Supercharge, Batterie de 5050mAh,Noir","https://m.media-amazon.com/images/I/71Phj5dSsUL.__AC_SX300_SY300_QL70_ML2_.jpg","€",3,"2025-02-21",4.3,68,780.63
"Apple iPhone 16 Pro Max (256 Go) - Titane Noir","https://m.media-amazon.com/images/I/61cUeqowwZL.__AC_SY445_SX342_QL70_ML2_.jpg","€",1,"2025-02-22",4.3,620,1135.99
"HUAWEI Pura 70 Pro Smartphone, 12GB + 512GB,écran à Bords Plats, Prend en Charge Les fonctionnalités Capture Ultra-Rapide, Téléobjectif Macro Ultra Lumineux, 100W Supercharge, Batterie de 5050mAh,Noir","https://m.media-amazon.com/images/I/71Phj5dSsUL.__AC_SX300_SY300_QL70_ML2_.jpg","€",3,"2025-02-22",4.3,68,780.63
"Microsoft Surface Pro (chargeur inclus) | Copilot+ PC | Ecran tactile OLED 13” | Snapdragon® X Elite | 16Go RAM | SSD 256Go | Dernier Modèle, 11ème Edition | Noir | Exclusivité Amazon","https://m.media-amazon.com/images/I/61JpzaEa6iL.__AC_SX300_SY300_QL70_ML2_.jpg","€",5,"2025-02-22",4.1,121,1374.17
"Lenovo Yoga Pro 7 14IRH8 - Ordinateur Portable 14.5'' 3K (Intel Core i7-13700H, RAM 16Go, SSD 1To, NVIDIA GeForce RTX 4050 6Go, Windows 11 Home) Clavier rétroéclairé AZERTY Français - Bleu","https://m.media-amazon.com/images/I/71mOEvGML9L.__AC_SX300_SY300_QL70_ML2_.jpg","€",14,"2025-02-22",4.2,8,1083.32
"Google Pixel 9 – Smartphone Android débloqué avec Gemini, Appareil Photo avancé, 24 Heures d'autonomie et écran Actua 6,3 Pouces – Noir Volcanique, 256GB","https://m.media-amazon.com/images/I/61bG6IqyD5L.__AC_SX300_SY300_QL70_ML2_.jpg","€",0,"2025-02-22",4.4,346,707.5
"Lenovo Yoga Pro 7 14IRH8 - Ordinateur Portable 14.5'' 3K (Intel Core i7-13700H, RAM 16Go, SSD 1To, NVIDIA GeForce RTX 4050 6Go, Windows 11 Home) Clavier rétroéclairé AZERTY Français - Bleu","https://m.media-amazon.com/images/I/71mOEvGML9L.__AC_SX300_SY300_QL70_ML2_.jpg","€",10,"2025-02-22",4.2,8,1083.32
"HUAWEI Pura 70 Pro Smartphone, 12GB + 512GB,écran à Bords Plats, Prend en Charge Les fonctionnalités Capture Ultra-Rapide, Téléobjectif Macro Ultra Lumineux, 100W Supercharge, Batterie de 5050mAh,Noir","https://m.media-amazon.com/images/I/71Phj5dSsUL.__AC_SX300_SY300_QL70_ML2_.jpg","€",3,"2025-02-22",4.3,68,785.32
"Google Pixel 9 – Smartphone Android débloqué avec Gemini, Appareil Photo avancé, 24 Heures d'autonomie et écran Actua 6,3 Pouces – Noir Volcanique, 256GB","https://m.media-amazon.com/images/I/61bG6IqyD5L.__AC_SX300_SY300_QL70_ML2_.jpg","€",0,"2025-02-22",4.4,347,707.5
"Apple iPhone 16 Pro Max (256 Go) - Titane Noir","https://m.media-amazon.com/images/I/61cUeqowwZL.__AC_SY445_SX342_QL70_ML2_.jpg","€",1,"2025-02-22",4.3,622,1135.99
"Microsoft Surface Laptop Studio 2 (Windows 11, écran tactile 14.4 pouces, 32 Go RAM, 1 To SSD, Intel Core i7, NVIDIA GeForce RTX 4050 Ti, Platine, clavier français) Polyvalence, puissance pour réussir","https://m.media-amazon.com/images/I/6104lZBbYeL.__AC_SX300_SY300_QL70_ML2_.jpg","€",6,"2025-02-22",5.0,4,2585.19
"Google Pixel 9 – Smartphone Android débloqué avec Gemini, Appareil Photo avancé, 24 Heures d'autonomie et écran Actua 6,3 Pouces – Noir Volcanique, 256GB","https://m.media-amazon.com/images/I/61bG6IqyD5L.__AC_SX300_SY300_QL70_ML2_.jpg","€",0,"2025-02-23",4.4,347,707.5
"Microsoft Surface Pro (chargeur inclus) | Copilot+ PC | Ecran tactile OLED 13” | Snapdragon® X Elite | 16Go RAM | SSD 256Go | Dernier Modèle, 11ème Edition | Noir | Exclusivité Amazon","https://m.media-amazon.com/images/I/61JpzaEa6iL.__AC_SX300_SY300_QL70_ML2_.jpg","€",5,"2025-02-23",4.1,122,1374.17
"Apple iPhone 16 Pro Max (256 Go) - Titane Noir","https://m.media-amazon.com/images/I/61cUeqowwZL.__AC_SY445_SX342_QL70_ML2_.jpg","€",1,"2025-02-23",4.3,623,1363.19
"HUAWEI Pura 70 Pro Smartphone, 12GB + 512GB,écran à Bords Plats, Prend en Charge Les fonctionnalités Capture Ultra-Rapide, Téléobjectif Macro Ultra Lumineux, 100W Supercharge, Batterie de 5050mAh,Noir","https://m.media-amazon.com/images/I/71Phj5dSsUL.__AC_SX300_SY300_QL70_ML2_.jpg","€",3,"2025-02-23",4.3,68,785.32
"Samsung Galaxy S25, Smartphone Android 5G avec Galaxy AI, 256 Go, Chargeur secteur rapide 25W inclus, Smartphone déverrouillé, Bleu Nuit, Version FR","https://m.media-amazon.com/images/I/51jR3AYsw0L.__AC_SX300_SY300_QL70_ML2_.jpg","€",2,"2025-02-23",3.6,7,799.17
"HUAWEI Pura 70 Pro Smartphone, 12GB + 512GB,écran à Bords Plats, Prend en Charge Les fonctionnalités Capture Ultra-Rapide, Téléobjectif Macro Ultra Lumineux, 100W Supercharge, Batterie de 5050mAh,Noir","https://m.media-amazon.com/images/I/71Phj5dSsUL.__AC_SX300_SY300_QL70_ML2_.jpg","€",3,"2025-02-23",4.3,68,786.39
"Microsoft Surface Laptop Studio 2 (Windows 11, écran tactile 14.4 pouces, 32 Go RAM, 1 To SSD, Intel Core i7, NVIDIA GeForce RTX 4050 Ti, Platine, clavier français) Polyvalence, puissance pour réussir","https://m.media-amazon.com/images/I/6104lZBbYeL.__AC_SX300_SY300_QL70_ML2_.jpg","€",6,"2025-02-23",5.0,4,2562.48
"Asus TUF Gaming A15-TUF507NUR-LP052 15.6 Pouces FHD 144Hz PC Portable (Processeur AMD Ryzen 7 7435HS 4.5 GHz, 16GB DDR5 RAM, 512GB SSD, NVIDIA GeForce RTX 4050 TGP 140W, sans OS) - Clavier AZERTY","https://m.media-amazon.com/images/I/816P5iAakXL.__AC_SX300_SY300_QL70_ML2_.jpg","€",11,"2025-02-23",3.9,15,749.99
"Google Pixel 9 – Smartphone Android débloqué avec Gemini, Appareil Photo avancé, 24 Heures d'autonomie et écran Actua 6,3 Pouces – Noir Volcanique, 256GB","https://m.media-amazon.com/images/I/61bG6IqyD5L.__AC_SX300_SY300_QL70_ML2_.jpg","€",0,"2025-02-23",4.4,350,707.5
"Apple iPhone 16 Pro Max (256 Go) - Titane Noir","https://m.media-amazon.com/images/I/61cUeqowwZL.__AC_SY445_SX342_QL70_ML2_.jpg","€",1,"2025-02-24",4.3,624,1363.19
"HUAWEI Pura 70 Pro Smartphone, 12GB + 512GB,écran à Bords Plats, Prend en Charge Les fonctionnalités Capture Ultra-Rapide, Téléobjectif Macro Ultra Lumineux, 100W Supercharge, Batterie de 5050mAh,Noir","https://m.media-amazon.com/images/I/71Phj5dSsUL.__AC_SX300_SY300_QL70_ML2_.jpg","€",3,"2025-02-24",4.3,68,786.39
"Microsoft Surface Laptop Go (Windows 10, écran tactile 12,45"", Intel Core i5, 8 Go RAM, 256 Go SSD, clavier AZERTY français) - Bleu Glacier - L'ordinateur portable Surface le plus léger","https://m.media-amazon.com/images/I/61Uz20r08cL.__AC_SX300_SY300_QL70_ML2_.jpg","€",8,"2025-02-24",4.4,316,822.49
"Samsung Galaxy S25, Smartphone Android 5G avec Galaxy AI, 256 Go, Chargeur secteur rapide 25W inclus, Smartphone déverrouillé, Bleu Nuit, Version FR","https://m.media-amazon.com/images/I/51jR3AYsw0L.__AC_SX300_SY300_QL70_ML2_.jpg","€",2,"2025-02-24",3.7,8,799.17
"Google Pixel 9 – Smartphone Android débloqué avec Gemini, Appareil Photo avancé, 24 Heures d'autonomie et écran Actua 6,3 Pouces – Noir Volcanique, 256GB","https://m.media-amazon.com/images/I/61bG6IqyD5L.__AC_SX300_SY300_QL70_ML2_.jpg","€",0,"2025-02-24",4.4,350,707.5
"Apple iPhone 16 Pro Max (256 Go) - Titane Noir","https://m.media-amazon.com/images/I/61cUeqowwZL.__AC_SY445_SX342_QL70_ML2_.jpg","€",1,"2025-02-24",4.3,628,1363.19
"HUAWEI Pura 70 Pro Smartphone, 12GB + 512GB,écran à Bords Plats, Prend en Charge Les fonctionnalités Capture Ultra-Rapide, Téléobjectif Macro Ultra Lumineux, 100W Supercharge, Batterie de 5050mAh,Noir","https://m.media-amazon.com/images/I/71Phj5dSsUL.__AC_SX300_SY300_QL70_ML2_.jpg","€",3,"2025-02-24",4.3,68,778.32
"Microsoft Surface Pro (chargeur inclus) | Copilot+ PC | Ecran tactile OLED 13” | Snapdragon® X Elite | 16Go RAM | SSD 256Go | Dernier Modèle, 11ème Edition | Noir | Exclusivité Amazon","https://m.media-amazon.com/images/I/61JpzaEa6iL.__AC_SX300_SY300_QL70_ML2_.jpg","€",5,"2025-02-24",4.1,123,1374.17
"Apple iPhone 16 Pro Max (256 Go) - Titane Noir","https://m.media-amazon.com/images/I/61cUeqowwZL.__AC_SY445_SX342_QL70_ML2_.jpg","€",1,"2025-02-25",4.3,629,1362.24
"Asus ROG Zephyrus G16-GU605MV-Q28W 16"" 2.5K OLED 240Hz PC Portable (Intel Ultra 7 Processor 4.8 GHz 16 Go RAM LPDDR5X 1 To SSD PCIe 4.0 NVMe NVIDIA RTX 4060 TGP 100W, Windows 11 Home) – Clavier AZERTY","https://m.media-amazon.com/images/I/71dPLFrNmQL.__AC_SY300_SX300_QL70_ML2_.jpg","€",12,"2025-02-25","",0,1416.67
"HUAWEI Pura 70 Pro Smartphone, 12GB + 512GB,écran à Bords Plats, Prend en Charge Les fonctionnalités Capture Ultra-Rapide, Téléobjectif Macro Ultra Lumineux, 100W Supercharge, Batterie de 5050mAh,Noir","https://m.media-amazon.com/images/I/71Phj5dSsUL.__AC_SX300_SY300_QL70_ML2_.jpg","€",3,"2025-02-25",4.3,68,777.5
"HUAWEI Pura 70 Pro Smartphone, 12GB + 512GB,écran à Bords Plats, Prend en Charge Les fonctionnalités Capture Ultra-Rapide, Téléobjectif Macro Ultra Lumineux, 100W Supercharge, Batterie de 5050mAh,Noir","https://m.media-amazon.com/images/I/71Phj5dSsUL.__AC_SX300_SY300_QL70_ML2_.jpg","€",3,"2025-02-25",4.3,68,779.02
"Microsoft - Pack Surface Pro 7+ (Windows 11, écran Tactile 13'', 16 Go RAM, 256 Go SSD, Intel Core i5) Ordinateur Portable Platine + Clavier AZERTY Noir","https://m.media-amazon.com/images/I/517Hb8aUNfL.__AC_SY300_SX300_QL70_ML2_.jpg","€",7,"2025-02-25",4.7,22,1221.07
"Asus ROG Zephyrus G16-GU605MV-Q28W 16"" 2.5K OLED 240Hz PC Portable (Intel Ultra 7 Processor 4.8 GHz 16 Go RAM LPDDR5X 1 To SSD PCIe 4.0 NVMe NVIDIA RTX 4060 TGP 100W, Windows 11 Home) – Clavier AZERTY","https://m.media-amazon.com/images/I/71dPLFrNmQL.__AC_SY300_SX300_QL70_ML2_.jpg","€",12,"2025-02-25","",0,1676.62
"Microsoft Surface Laptop Studio 2 (Windows 11, écran tactile 14.4 pouces, 32 Go RAM, 1 To SSD, Intel Core i7, NVIDIA GeForce RTX 4050 Ti, Platine, clavier français) Polyvalence, puissance pour réussir","https://m.media-amazon.com/images/I/6104lZBbYeL.__AC_SX300_SY300_QL70_ML2_.jpg","€",6,"2025-02-25",5.0,4,2650.13
"Apple iPhone 16 Pro Max (256 Go) - Titane Noir","https://m.media-amazon.com/images/I/61cUeqowwZL.__AC_SY445_SX342_QL70_ML2_.jpg","€",1,"2025-02-25 , 17",4.3,632,1163.58
"Asus ROG Zephyrus G16-GU605MV-Q28W 16"" 2.5K OLED 240Hz PC Portable (Intel Ultra 7 Processor 4.8 GHz 16 Go RAM LPDDR5X 1 To SSD PCIe 4.0 NVMe NVIDIA RTX 4060 TGP 100W, Windows 11 Home) – Clavier AZERTY","https://m.media-amazon.com/images/I/71dPLFrNmQL.__AC_SY300_SX300_QL70_ML2_.jpg","€",12,"2025-02-25 , 17","",0,1676.62
"HUAWEI Pura 70 Pro Smartphone, 12GB + 512GB,écran à Bords Plats, Prend en Charge Les fonctionnalités Capture Ultra-Rapide, Téléobjectif Macro Ultra Lumineux, 100W Supercharge, Batterie de 5050mAh,Noir","https://m.media-amazon.com/images/I/71Phj5dSsUL.__AC_SX300_SY300_QL70_ML2_.jpg","€",3,"2025-02-25 , 17",4.3,68,780.83
"Google Pixel 9 – Smartphone Android débloqué avec Gemini, Appareil Photo avancé, 24 Heures d'autonomie et écran Actua 6,3 Pouces – Noir Volcanique, 256GB","https://m.media-amazon.com/images/I/61bG6IqyD5L.__AC_SX300_SY300_QL70_ML2_.jpg","€",0,"2025-02-25 , 17",4.4,351,707.5
"Microsoft Surface Pro (chargeur inclus) | Copilot+ PC | Ecran tactile OLED 13” | Snapdragon® X Elite | 16Go RAM | SSD 256Go | Dernier Modèle, 11ème Edition | Noir | Exclusivité Amazon","https://m.media-amazon.com/images/I/61JpzaEa6iL.__AC_SX300_SY300_QL70_ML2_.jpg","€",5,"2025-02-25 , 17",4.1,124,1374.17
"Apple iPhone 16 Pro Max (256 Go) - Titane Noir","https://m.media-amazon.com/images/I/61cUeqowwZL.__AC_SY445_SX342_QL70_ML2_.jpg","€",1,"2025-02-26 , 02",4.3,632,1138.98
"Microsoft Surface Pro (chargeur inclus) | Copilot+ PC | Ecran tactile OLED 13” | Snapdragon® X Elite | 16Go RAM | SSD 256Go | Dernier Modèle, 11ème Edition | Noir | Exclusivité Amazon","https://m.media-amazon.com/images/I/61JpzaEa6iL.__AC_SX300_SY300_QL70_ML2_.jpg","€",5,"2025-02-26 , 02",4.1,125,1374.17
"Asus ROG Zephyrus G16-GU605MV-Q28W 16"" 2.5K OLED 240Hz PC Portable (Intel Ultra 7 Processor 4.8 GHz 16 Go RAM LPDDR5X 1 To SSD PCIe 4.0 NVMe NVIDIA RTX 4060 TGP 100W, Windows 11 Home) – Clavier AZERTY","https://m.media-amazon.com/images/I/71dPLFrNmQL.__AC_SY300_SX300_QL70_ML2_.jpg","€",12,"2025-02-26 , 14","",0,1684.26
"HUAWEI Pura 70 Pro Smartphone, 12GB + 512GB,écran à Bords Plats, Prend en Charge Les fonctionnalités Capture Ultra-Rapide, Téléobjectif Macro Ultra Lumineux, 100W Supercharge, Batterie de 5050mAh,Noir","https://m.media-amazon.com/images/I/71Phj5dSsUL.__AC_SX300_SY300_QL70_ML2_.jpg","€",3,"2025-02-26 , 14",4.3,69,780.83
"Google Pixel 9 – Smartphone Android débloqué avec Gemini, Appareil Photo avancé, 24 Heures d'autonomie et écran Actua 6,3 Pouces – Noir Volcanique, 256GB","https://m.media-amazon.com/images/I/61bG6IqyD5L.__AC_SX300_SY300_QL70_ML2_.jpg","€",0,"2025-02-27 , 01",4.4,352,707.5
"Xiaomi Redmi 14C Téléphone portable Android 8 + 256 Go G81 Ultra Processeur 2,0 GHz, écran 6,88"", double caméra AI 50 MP, batterie 5160 mAh, avec charge rapide 18 W, sans NFC (noir)","https://m.media-amazon.com/images/I/51ZnQD6wkxL.__AC_SX300_SY300_QL70_ML2_.jpg","€",4,"2025-02-27 , 01",4.2,5,139.0
"Microsoft Surface Pro (chargeur inclus) | Copilot+ PC | Ecran tactile OLED 13” | Snapdragon® X Elite | 16Go RAM | SSD 256Go | Dernier Modèle, 11ème Edition | Noir | Exclusivité Amazon","https://m.media-amazon.com/images/I/61JpzaEa6iL.__AC_SX300_SY300_QL70_ML2_.jpg","€",5,"2025-02-27 , 01",4.1,127,1374.17
"Apple iPhone 16 Pro Max (256 Go) - Titane Noir","https://m.media-amazon.com/images/I/61cUeqowwZL.__AC_SY445_SX342_QL70_ML2_.jpg","€",1,"2025-02-27 , 01",4.3,636,1138.98
"Google Pixel 9 – Smartphone Android débloqué avec Gemini, Appareil Photo avancé, 24 Heures d'autonomie et écran Actua 6,3 Pouces – Noir Volcanique, 256GB","https://m.media-amazon.com/images/I/61bG6IqyD5L.__AC_SX300_SY300_QL70_ML2_.jpg","€",0,"2025-02-27 , 13",4.4,353,707.5
"Microsoft - Pack Surface Pro 7+ (Windows 11, écran Tactile 13'', 16 Go RAM, 256 Go SSD, Intel Core i5) Ordinateur Portable Platine + Clavier AZERTY Noir","https://m.media-amazon.com/images/I/517Hb8aUNfL.__AC_SY300_SX300_QL70_ML2_.jpg","€",7,"2025-02-27 , 13",4.7,22,1137.93
"Asus TUF Gaming A15-TUF507NUR-LP052 15.6 Pouces FHD 144Hz PC Portable (Processeur AMD Ryzen 7 7435HS 4.5 GHz, 16GB DDR5 RAM, 512GB SSD, NVIDIA GeForce RTX 4050 TGP 140W, sans OS) - Clavier AZERTY","https://m.media-amazon.com/images/I/816P5iAakXL.__AC_SX300_SY300_QL70_ML2_.jpg","€",11,"2025-02-27 , 13",4.0,16,749.99
"Apple iPhone 16 Pro Max (256 Go) - Titane Noir","https://m.media-amazon.com/images/I/61cUeqowwZL.__AC_SY445_SX342_QL70_ML2_.jpg","€",1,"2025-02-27 , 13",4.3,640,1138.98
"Google Pixel 9 – Smartphone Android débloqué avec Gemini, Appareil Photo avancé, 24 Heures d'autonomie et écran Actua 6,3 Pouces – Noir Volcanique, 256GB","https://m.media-amazon.com/images/I/61bG6IqyD5L.__AC_SX300_SY300_QL70_ML2_.jpg","€",0,"2025-02-28 , 01",4.4,355,707.5
"Samsung Galaxy S25, Smartphone Android 5G avec Galaxy AI, 256 Go, Chargeur secteur rapide 25W inclus, Smartphone déverrouillé, Bleu Nuit, Version FR","https://m.media-amazon.com/images/I/51jR3AYsw0L.__AC_SX300_SY300_QL70_ML2_.jpg","€",2,"2025-02-28 , 01",3.6,10,799.17
"HUAWEI Pura 70 Pro Smartphone, 12GB + 512GB,écran à Bords Plats, Prend en Charge Les fonctionnalités Capture Ultra-Rapide, Téléobjectif Macro Ultra Lumineux, 100W Supercharge, Batterie de 5050mAh,Noir","https://m.media-amazon.com/images/I/71Phj5dSsUL.__AC_SX300_SY300_QL70_ML2_.jpg","€",3,"2025-02-28 , 01",4.3,69,803.67
"Microsoft Surface Laptop Studio 2 (Windows 11, écran tactile 14.4 pouces, 32 Go RAM, 1 To SSD, Intel Core i7, NVIDIA GeForce RTX 4050 Ti, Platine, clavier français) Polyvalence, puissance pour réussir","https://m.media-amazon.com/images/I/6104lZBbYeL.__AC_SX300_SY300_QL70_ML2_.jpg","€",6,"2025-02-28 , 01",5.0,4,2666.66
"Apple iPhone 16 Pro Max (256 Go) - Titane Noir","https://m.media-amazon.com/images/I/61cUeqowwZL.__AC_SY445_SX342_QL70_ML2_.jpg","€",1,"2025-02-28 , 01",4.3,643,1138.98
"Microsoft Surface Pro (chargeur inclus) | Copilot+ PC | Ecran tactile OLED 13” | Snapdragon® X Elite | 16Go RAM | SSD 256Go | Dernier Modèle, 11ème Edition | Noir | Exclusivité Amazon","https://m.media-amazon.com/images/I/61JpzaEa6iL.__AC_SX300_SY300_QL70_ML2_.jpg","€",5,"2025-02-28 , 01",4.1,128,1374.17
"Google Pixel 9 – Smartphone Android débloqué avec Gemini, Appareil Photo avancé, 24 Heures d'autonomie et écran Actua 6,3 Pouces – Noir Volcanique, 256GB","https://m.media-amazon.com/images/I/61bG6IqyD5L.__AC_SX300_SY300_QL70_ML2_.jpg","€",0,"2025-02-28 , 14",4.4,356,707.5
"HUAWEI Pura 70 Pro Smartphone, 12GB + 512GB,écran à Bords Plats, Prend en Charge Les fonctionnalités Capture Ultra-Rapide, Téléobjectif Macro Ultra Lumineux, 100W Supercharge, Batterie de 5050mAh,Noir","https://m.media-amazon.com/images/I/71Phj5dSsUL.__AC_SX300_SY300_QL70_ML2_.jpg","€",3,"2025-02-28 , 14",4.3,69,802.46
"Google Pixel 9 – Smartphone Android débloqué avec Gemini, Appareil Photo avancé, 24 Heures d'autonomie et écran Actua 6,3 Pouces – Noir Volcanique, 256GB","https://m.media-amazon.com/images/I/61bG6IqyD5L.__AC_SX300_SY300_QL70_ML2_.jpg","€",0,"2025-03-01 , 02",4.4,360,700.04
"Microsoft Surface Laptop Go (Windows 10, écran tactile 12,45"", Intel Core i5, 8 Go RAM, 256 Go SSD, clavier AZERTY français) - Bleu Glacier - L'ordinateur portable Surface le plus léger","https://m.media-amazon.com/images/I/61Uz20r08cL.__AC_SX300_SY300_QL70_ML2_.jpg","€",8,"2025-03-01 , 02",4.4,316,950.0
"Apple iPhone 16 Pro Max (256 Go) - Titane Noir","https://m.media-amazon.com/images/I/61cUeqowwZL.__AC_SY445_SX342_QL70_ML2_.jpg","€",1,"2025-03-01 , 02",4.3,651,1333.44
"HUAWEI Pura 70 Pro Smartphone, 12GB + 512GB,écran à Bords Plats, Prend en Charge Les fonctionnalités Capture Ultra-Rapide, Téléobjectif Macro Ultra Lumineux, 100W Supercharge, Batterie de 5050mAh,Noir","https://m.media-amazon.com/images/I/71Phj5dSsUL.__AC_SX300_SY300_QL70_ML2_.jpg","€",3,"2025-03-01 , 02",4.3,69,233.32
"HUAWEI Pura 70 Pro Smartphone, 12GB + 512GB,écran à Bords Plats, Prend en Charge Les fonctionnalités Capture Ultra-Rapide, Téléobjectif Macro Ultra Lumineux, 100W Supercharge, Batterie de 5050mAh,Noir","https://m.media-amazon.com/images/I/71Phj5dSsUL.__AC_SX300_SY300_QL70_ML2_.jpg","€",3,"2025-03-01 , 13",4.3,70,776.77
"Apple iPhone 16 Pro Max (256 Go) - Titane Noir","https://m.media-amazon.com/images/I/61cUeqowwZL.__AC_SY445_SX342_QL70_ML2_.jpg","€",1,"2025-03-01 , 13",4.3,656,1333.44
"Google Pixel 9 – Smartphone Android débloqué avec Gemini, Appareil Photo avancé, 24 Heures d'autonomie et écran Actua 6,3 Pouces – Noir Volcanique, 256GB","https://m.media-amazon.com/images/I/61bG6IqyD5L.__AC_SX300_SY300_QL70_ML2_.jpg","€",0,"2025-03-02 , 01",4.4,363,707.5
"HUAWEI Pura 70 Pro Smartphone, 12GB + 512GB,écran à Bords Plats, Prend en Charge Les fonctionnalités Capture Ultra-Rapide, Téléobjectif Macro Ultra Lumineux, 100W Supercharge, Batterie de 5050mAh,Noir","https://m.media-amazon.com/images/I/71Phj5dSsUL.__AC_SX300_SY300_QL70_ML2_.jpg","€",3,"2025-03-02 , 01",4.3,71,776.77
"Microsoft Surface Laptop Studio 2 (Windows 11, écran tactile 14.4 pouces, 32 Go RAM, 1 To SSD, Intel Core i7, NVIDIA GeForce RTX 4050 Ti, Platine, clavier français) Polyvalence, puissance pour réussir","https://m.media-amazon.com/images/I/6104lZBbYeL.__AC_SX300_SY300_QL70_ML2_.jpg","€",6,"2025-03-02 , 01",5.0,4,2571.84
"Apple iPhone 16 Pro Max (256 Go) - Titane Noir","https://m.media-amazon.com/images/I/61cUeqowwZL.__AC_SY445_SX342_QL70_ML2_.jpg","€",1,"2025-03-02 , 13",4.3,657,1333.44
"Microsoft - Pack Surface Pro 7+ (Windows 11, écran Tactile 13'', 16 Go RAM, 256 Go SSD, Intel Core i5) Ordinateur Portable Platine + Clavier AZERTY Noir","https://m.media-amazon.com/images/I/517Hb8aUNfL.__AC_SY300_SX300_QL70_ML2_.jpg","€",7,"2025-03-02 , 13",4.7,22,1137.92
"Apple iPhone 16 Pro Max (256 Go) - Titane Noir","https://m.media-amazon.com/images/I/61cUeqowwZL.__AC_SY445_SX342_QL70_ML2_.jpg","€",1,"2025-03-03 , 02",4.3,658,1333.44
"Samsung Galaxy S25, Smartphone Android 5G avec Galaxy AI, 256 Go, Chargeur secteur rapide 25W inclus, Smartphone déverrouillé, Bleu Nuit, Version FR","https://m.media-amazon.com/images/I/51jR3AYsw0L.__AC_SX300_SY300_QL70_ML2_.jpg","€",2,"2025-03-03 , 02",3.7,11,799.17
"HUAWEI Pura 70 Pro Smartphone, 12GB + 512GB,écran à Bords Plats, Prend en Charge Les fonctionnalités Capture Ultra-Rapide, Téléobjectif Macro Ultra Lumineux, 100W Supercharge, Batterie de 5050mAh,Noir","https://m.media-amazon.com/images/I/71Phj5dSsUL.__AC_SX300_SY300_QL70_ML2_.jpg","€",3,"2025-03-03 , 02",4.3,71,233.32
"Xiaomi Redmi 14C Téléphone portable Android 8 + 256 Go G81 Ultra Processeur 2,0 GHz, écran 6,88"", double caméra AI 50 MP, batterie 5160 mAh, avec charge rapide 18 W, sans NFC (noir)","https://m.media-amazon.com/images/I/51ZnQD6wkxL.__AC_SX300_SY300_QL70_ML2_.jpg","€",4,"2025-03-03 , 02",3.5,6,139.0
"Microsoft Surface Laptop Studio 2 (Windows 11, écran tactile 14.4 pouces, 32 Go RAM, 1 To SSD, Intel Core i7, NVIDIA GeForce RTX 4050 Ti, Platine, clavier français) Polyvalence, puissance pour réussir","https://m.media-amazon.com/images/I/6104lZBbYeL.__AC_SX300_SY300_QL70_ML2_.jpg","€",6,"2025-03-03 , 02",5.0,4,2666.66
"Google Pixel 9 – Smartphone Android débloqué avec Gemini, Appareil Photo avancé, 24 Heures d'autonomie et écran Actua 6,3 Pouces – Noir Volcanique, 256GB","https://m.media-amazon.com/images/I/61bG6IqyD5L.__AC_SX300_SY300_QL70_ML2_.jpg","€",0,"2025-03-03 , 02",4.4,368,707.5
"Apple iPhone 16 Pro Max (256 Go) - Titane Noir","https://m.media-amazon.com/images/I/61cUeqowwZL.__AC_SY445_SX342_QL70_ML2_.jpg","€",1,"2025-03-03 , 13",4.3,658,1111.2
"HUAWEI Pura 70 Pro Smartphone, 12GB + 512GB,écran à Bords Plats, Prend en Charge Les fonctionnalités Capture Ultra-Rapide, Téléobjectif Macro Ultra Lumineux, 100W Supercharge, Batterie de 5050mAh,Noir","https://m.media-amazon.com/images/I/71Phj5dSsUL.__AC_SX300_SY300_QL70_ML2_.jpg","€",3,"2025-03-03 , 13",4.3,71,783.66
"Asus ROG Zephyrus G16-GU605MV-Q28W 16"" 2.5K OLED 240Hz PC Portable (Intel Ultra 7 Processor 4.8 GHz 16 Go RAM LPDDR5X 1 To SSD PCIe 4.0 NVMe NVIDIA RTX 4060 TGP 100W, Windows 11 Home) – Clavier AZERTY","https://m.media-amazon.com/images/I/71dPLFrNmQL.__AC_SY300_SX300_QL70_ML2_.jpg","€",12,"2025-03-03 , 13",3.0,1,1684.26
"Google Pixel 9 – Smartphone Android débloqué avec Gemini, Appareil Photo avancé, 24 Heures d'autonomie et écran Actua 6,3 Pouces – Noir Volcanique, 256GB","https://m.media-amazon.com/images/I/61bG6IqyD5L.__AC_SX300_SY300_QL70_ML2_.jpg","€",0,"2025-03-04 , 01",4.4,371,707.5
"Xiaomi Redmi 14C Téléphone portable Android 8 + 256 Go G81 Ultra Processeur 2,0 GHz, écran 6,88"", double caméra AI 50 MP, batterie 5160 mAh, avec charge rapide 18 W, sans NFC (noir)","https://m.media-amazon.com/images/I/51ZnQD6wkxL.__AC_SX300_SY300_QL70_ML2_.jpg","€",4,"2025-03-04 , 01",3.2,7,139.0
"HUAWEI Pura 70 Pro Smartphone, 12GB + 512GB,écran à Bords Plats, Prend en Charge Les fonctionnalités Capture Ultra-Rapide, Téléobjectif Macro Ultra Lumineux, 100W Supercharge, Batterie de 5050mAh,Noir","https://m.media-amazon.com/images/I/71Phj5dSsUL.__AC_SX300_SY300_QL70_ML2_.jpg","€",3,"2025-03-04 , 01",4.3,71,787.63
"Apple iPhone 16 Pro Max (256 Go) - Titane Noir","https://m.media-amazon.com/images/I/61cUeqowwZL.__AC_SY445_SX342_QL70_ML2_.jpg","€",1,"2025-03-04 , 01",4.4,662,1111.2
"Google Pixel 9 – Smartphone Android débloqué avec Gemini, Appareil Photo avancé, 24 Heures d'autonomie et écran Actua 6,3 Pouces – Noir Volcanique, 256GB","https://m.media-amazon.com/images/I/61bG6IqyD5L.__AC_SX300_SY300_QL70_ML2_.jpg","€",0,"2025-03-04 , 13",4.4,372,707.5
"Apple iPhone 16 Pro Max (256 Go) - Titane Noir","https://m.media-amazon.com/images/I/61cUeqowwZL.__AC_SY445_SX342_QL70_ML2_.jpg","€",1,"2025-03-04 , 13",4.4,662,1333.44
"Microsoft Surface Laptop Go (Windows 10, écran tactile 12,45"", Intel Core i5, 8 Go RAM, 256 Go SSD, clavier AZERTY français) - Bleu Glacier - L'ordinateur portable Surface le plus léger","https://m.media-amazon.com/images/I/61Uz20r08cL.__AC_SX300_SY300_QL70_ML2_.jpg","€",8,"2025-03-04 , 13",4.4,316,922.5
"Microsoft - Pack Surface Pro 7+ (Windows 11, écran Tactile 13'', 16 Go RAM, 256 Go SSD, Intel Core i5) Ordinateur Portable Platine + Clavier AZERTY Noir","https://m.media-amazon.com/images/I/517Hb8aUNfL.__AC_SY300_SX300_QL70_ML2_.jpg","€",7,"2025-03-04 , 13",4.7,22,1137.88
"Google Pixel 9 – Smartphone Android débloqué avec Gemini, Appareil Photo avancé, 24 Heures d'autonomie et écran Actua 6,3 Pouces – Noir Volcanique, 256GB","https://m.media-amazon.com/images/I/61bG6IqyD5L.__AC_SX300_SY300_QL70_ML2_.jpg","€",0,"2025-03-05 , 02",4.4,375,707.5
"Apple iPhone 16 Pro Max (256 Go) - Titane Noir","https://m.media-amazon.com/images/I/61cUeqowwZL.__AC_SY445_SX342_QL70_ML2_.jpg","€",1,"2025-03-05 , 02",4.4,664,1333.44
"HUAWEI Pura 70 Pro Smartphone, 12GB + 512GB,écran à Bords Plats, Prend en Charge Les fonctionnalités Capture Ultra-Rapide, Téléobjectif Macro Ultra Lumineux, 100W Supercharge, Batterie de 5050mAh,Noir","https://m.media-amazon.com/images/I/71Phj5dSsUL.__AC_SX300_SY300_QL70_ML2_.jpg","€",3,"2025-03-05 , 02",4.3,71,789.02
"Microsoft Surface Pro (chargeur inclus) | Copilot+ PC | Ecran tactile OLED 13” | Snapdragon® X Elite | 16Go RAM | SSD 256Go | Dernier Modèle, 11ème Edition | Noir | Exclusivité Amazon","https://m.media-amazon.com/images/I/61JpzaEa6iL.__AC_SX300_SY300_QL70_ML2_.jpg","€",5,"2025-03-05 , 02",4.1,129,1374.17
"Asus ROG Zephyrus G16-GU605MV-Q28W 16"" 2.5K OLED 240Hz PC Portable (Intel Ultra 7 Processor 4.8 GHz 16 Go RAM LPDDR5X 1 To SSD PCIe 4.0 NVMe NVIDIA RTX 4060 TGP 100W, Windows 11 Home) – Clavier AZERTY","https://m.media-amazon.com/images/I/71dPLFrNmQL.__AC_SY300_SX300_QL70_ML2_.jpg","€",12,"2025-03-05 , 02",3.0,1,1693.5
"Google Pixel 9 – Smartphone Android débloqué avec Gemini, Appareil Photo avancé, 24 Heures d'autonomie et écran Actua 6,3 Pouces – Noir Volcanique, 256GB","https://m.media-amazon.com/images/I/61bG6IqyD5L.__AC_SX300_SY300_QL70_ML2_.jpg","€",0,"2025-03-05 , 14",4.4,376,707.5
"Apple iPhone 16 Pro Max (256 Go) - Titane Noir","https://m.media-amazon.com/images/I/61cUeqowwZL.__AC_SY445_SX342_QL70_ML2_.jpg","€",1,"2025-03-05 , 14",4.4,664,1343.04
"Microsoft - Pack Surface Pro 7+ (Windows 11, écran Tactile 13'', 16 Go RAM, 256 Go SSD, Intel Core i5) Ordinateur Portable Platine + Clavier AZERTY Noir","https://m.media-amazon.com/images/I/517Hb8aUNfL.__AC_SY300_SX300_QL70_ML2_.jpg","€",7,"2025-03-05 , 14",4.7,22,1137.9
"Apple iPhone 16 Pro Max (256 Go) - Titane Noir","https://m.media-amazon.com/images/I/61cUeqowwZL.__AC_SY445_SX342_QL70_ML2_.jpg","€",1,"2025-03-06 , 01",4.3,666,1329.6
"HUAWEI Pura 70 Pro Smartphone, 12GB + 512GB,écran à Bords Plats, Prend en Charge Les fonctionnalités Capture Ultra-Rapide, Téléobjectif Macro Ultra Lumineux, 100W Supercharge, Batterie de 5050mAh,Noir","https://m.media-amazon.com/images/I/71Phj5dSsUL.__AC_SX300_SY300_QL70_ML2_.jpg","€",3,"2025-03-06 , 01",4.3,71,785.69
"Samsung Galaxy S25, Smartphone Android 5G avec Galaxy AI, 256 Go, Chargeur secteur rapide 25W inclus, Smartphone déverrouillé, Bleu Nuit, Version FR","https://m.media-amazon.com/images/I/51jR3AYsw0L.__AC_SX300_SY300_QL70_ML2_.jpg","€",2,"2025-03-06 , 01",3.8,12,801.67
"Microsoft - Pack Surface Pro 7+ (Windows 11, écran Tactile 13'', 16 Go RAM, 256 Go SSD, Intel Core i5) Ordinateur Portable Platine + Clavier AZERTY Noir","https://m.media-amazon.com/images/I/517Hb8aUNfL.__AC_SY300_SX300_QL70_ML2_.jpg","€",7,"2025-03-06 , 01",4.7,22,1457.49
"Google Pixel 9 – Smartphone Android débloqué avec Gemini, Appareil Photo avancé, 24 Heures d'autonomie et écran Actua 6,3 Pouces – Noir Volcanique, 256GB","https://m.media-amazon.com/images/I/61bG6IqyD5L.__AC_SX300_SY300_QL70_ML2_.jpg","€",0,"2025-03-06 , 01",4.5,379,707.5
"Google Pixel 9 – Smartphone Android débloqué avec Gemini, Appareil Photo avancé, 24 Heures d'autonomie et écran Actua 6,3 Pouces – Noir Volcanique, 256GB","https://m.media-amazon.com/images/I/61bG6IqyD5L.__AC_SX300_SY300_QL70_ML2_.jpg","€",0,"2025-03-07 , 13",4.5,384,10.82
"Apple iPhone 16 Pro Max (256 Go) - Titane Noir","https://m.media-amazon.com/images/I/61cUeqowwZL.__AC_SY445_SX342_QL70_ML2_.jpg","€",1,"2025-03-07 , 13",4.3,671,1329.6
"HUAWEI Pura 70 Pro Smartphone, 12GB + 512GB,écran à Bords Plats, Prend en Charge Les fonctionnalités Capture Ultra-Rapide, Téléobjectif Macro Ultra Lumineux, 100W Supercharge, Batterie de 5050mAh,Noir","https://m.media-amazon.com/images/I/71Phj5dSsUL.__AC_SX300_SY300_QL70_ML2_.jpg","€",3,"2025-03-07 , 13",4.3,72,785.69
"Microsoft Surface Laptop Studio 2 (Windows 11, écran tactile 14.4 pouces, 32 Go RAM, 1 To SSD, Intel Core i7, NVIDIA GeForce RTX 4050 Ti, Platine, clavier français) Polyvalence, puissance pour réussir","https://m.media-amazon.com/images/I/6104lZBbYeL.__AC_SX300_SY300_QL70_ML2_.jpg","€",6,"2025-03-07 , 13",5.0,4,2300.73
"Microsoft - Pack Surface Pro 7+ (Windows 11, écran Tactile 13'', 16 Go RAM, 256 Go SSD, Intel Core i5) Ordinateur Portable Platine + Clavier AZERTY Noir","https://m.media-amazon.com/images/I/517Hb8aUNfL.__AC_SY300_SX300_QL70_ML2_.jpg","€",7,"2025-03-07 , 13",4.7,22,1137.9
"Samsung Galaxy S25, Smartphone Android 5G avec Galaxy AI, 256 Go, Chargeur secteur rapide 25W inclus, Smartphone déverrouillé, Bleu Nuit, Version FR","https://m.media-amazon.com/images/I/51jR3AYsw0L.__AC_SX300_SY300_QL70_ML2_.jpg","€",2,"2025-03-07 , 13",3.9,13,801.66
"Xiaomi Redmi 14C Téléphone portable Android 8 + 256 Go G81 Ultra Processeur 2,0 GHz, écran 6,88"", double caméra AI 50 MP, batterie 5160 mAh, avec charge rapide 18 W, sans NFC (noir)","https://m.media-amazon.com/images/I/51ZnQD6wkxL.__AC_SX300_SY300_QL70_ML2_.jpg","€",4,"2025-03-07 , 13",3.5,10,139.0
"Microsoft Surface Pro (chargeur inclus) | Copilot+ PC | Ecran tactile OLED 13” | Snapdragon® X Elite | 16Go RAM | SSD 256Go | Dernier Modèle, 11ème Edition | Noir | Exclusivité Amazon","https://m.media-amazon.com/images/I/61JpzaEa6iL.__AC_SX300_SY300_QL70_ML2_.jpg","€",5,"2025-03-07 , 13",4.2,128,1129.03
"Apple iPhone 16 Pro Max (256 Go) - Titane Noir","https://m.media-amazon.com/images/I/61cUeqowwZL.__AC_SY445_SX342_QL70_ML2_.jpg","€",1,"2025-03-08 , 01",4.3,675,1329.6
"Samsung Galaxy S25, Smartphone Android 5G avec Galaxy AI, 256 Go, Chargeur secteur rapide 25W inclus, Smartphone déverrouillé, Bleu Nuit, Version FR","https://m.media-amazon.com/images/I/51jR3AYsw0L.__AC_SX300_SY300_QL70_ML2_.jpg","€",2,"2025-03-08 , 01",3.9,13,801.67
"Xiaomi Redmi 14C Téléphone portable Android 8 + 256 Go G81 Ultra Processeur 2,0 GHz, écran 6,88"", double caméra AI 50 MP, batterie 5160 mAh, avec charge rapide 18 W, sans NFC (noir)","https://m.media-amazon.com/images/I/51ZnQD6wkxL.__AC_SX300_SY300_QL70_ML2_.jpg","€",4,"2025-03-08 , 01",3.6,11,139.0
"Google Pixel 9 – Smartphone Android débloqué avec Gemini, Appareil Photo avancé, 24 Heures d'autonomie et écran Actua 6,3 Pouces – Noir Volcanique, 256GB","https://m.media-amazon.com/images/I/61bG6IqyD5L.__AC_SX300_SY300_QL70_ML2_.jpg","€",0,"2025-03-08 , 01",4.4,387,690.83
"Microsoft Surface Pro (chargeur inclus) | Copilot+ PC | Ecran tactile OLED 13” | Snapdragon® X Elite | 16Go RAM | SSD 256Go | Dernier Modèle, 11ème Edition | Noir | Exclusivité Amazon","https://m.media-amazon.com/images/I/61JpzaEa6iL.__AC_SX300_SY300_QL70_ML2_.jpg","€",5,"2025-03-08 , 13",4.2,129,1129.03
"Apple iPhone 16 Pro Max (256 Go) - Titane Noir","https://m.media-amazon.com/images/I/61cUeqowwZL.__AC_SY445_SX342_QL70_ML2_.jpg","€",1,"2025-03-09 , 01",4.3,678,1329.6
"Samsung Galaxy S25, Smartphone Android 5G avec Galaxy AI, 256 Go, Chargeur secteur rapide 25W inclus, Smartphone déverrouillé, Bleu Nuit, Version FR","https://m.media-amazon.com/images/I/51jR3AYsw0L.__AC_SX300_SY300_QL70_ML2_.jpg","€",2,"2025-03-09 , 01",3.9,13,801.66
"Google Pixel 9 – Smartphone Android débloqué avec Gemini, Appareil Photo avancé, 24 Heures d'autonomie et écran Actua 6,3 Pouces – Noir Volcanique, 256GB","https://m.media-amazon.com/images/I/61bG6IqyD5L.__AC_SX300_SY300_QL70_ML2_.jpg","€",0,"2025-03-09 , 01",4.4,390,690.83
"Microsoft Surface Pro (chargeur inclus) | Copilot+ PC | Ecran tactile OLED 13” | Snapdragon® X Elite | 16Go RAM | SSD 256Go | Dernier Modèle, 11ème Edition | Noir | Exclusivité Amazon","https://m.media-amazon.com/images/I/61JpzaEa6iL.__AC_SX300_SY300_QL70_ML2_.jpg","€",5,"2025-03-09 , 01",4.2,130,1129.03
"Apple iPhone 16 Pro Max (256 Go) - Titane Noir","https://m.media-amazon.com/images/I/61cUeqowwZL.__AC_SY445_SX342_QL70_ML2_.jpg","€",1,"2025-03-09 , 13",4.3,682,1329.6
"Xiaomi Redmi 14C Téléphone portable Android 8 + 256 Go G81 Ultra Processeur 2,0 GHz, écran 6,88"", double caméra AI 50 MP, batterie 5160 mAh, avec charge rapide 18 W, sans NFC (noir)","https://m.media-amazon.com/images/I/51ZnQD6wkxL.__AC_SX300_SY300_QL70_ML2_.jpg","€",4,"2025-03-09 , 13",3.8,12,139.0
"Google Pixel 9 – Smartphone Android débloqué avec Gemini, Appareil Photo avancé, 24 Heures d'autonomie et écran Actua 6,3 Pouces – Noir Volcanique, 256GB","https://m.media-amazon.com/images/I/61bG6IqyD5L.__AC_SX300_SY300_QL70_ML2_.jpg","€",0,"2025-03-09 , 13",4.4,392,690.83
"Apple iPhone 16 Pro Max (256 Go) - Titane Noir","https://m.media-amazon.com/images/I/61cUeqowwZL.__AC_SY445_SX342_QL70_ML2_.jpg","€",1,"2025-03-10 , 02",4.3,683,1329.6
"Google Pixel 9 – Smartphone Android débloqué avec Gemini, Appareil Photo avancé, 24 Heures d'autonomie et écran Actua 6,3 Pouces – Noir Volcanique, 256GB","https://m.media-amazon.com/images/I/61bG6IqyD5L.__AC_SX300_SY300_QL70_ML2_.jpg","€",0,"2025-03-10 , 02",4.4,394,690.83
"Google Pixel 9 – Smartphone Android débloqué avec Gemini, Appareil Photo avancé, 24 Heures d'autonomie et écran Actua 6,3 Pouces – Noir Volcanique, 256GB","https://m.media-amazon.com/images/I/61bG6IqyD5L.__AC_SX300_SY300_QL70_ML2_.jpg","€",0,"2025-03-10 , 13",4.4,395,690.83
"Apple iPhone 16 Pro Max (256 Go) - Titane Noir","https://m.media-amazon.com/images/I/61cUeqowwZL.__AC_SY445_SX342_QL70_ML2_.jpg","€",1,"2025-03-10 , 13",4.3,685,1329.6
"Asus TUF Gaming A15-TUF507NUR-LP052 15.6 Pouces FHD 144Hz PC Portable (Processeur AMD Ryzen 7 7435HS 4.5 GHz, 16GB DDR5 RAM, 512GB SSD, NVIDIA GeForce RTX 4050 TGP 140W, sans OS) - Clavier AZERTY","https://m.media-amazon.com/images/I/816P5iAakXL.__AC_SX300_SY300_QL70_ML2_.jpg","€",11,"2025-03-10 , 13",4.0,16,916.66
"Apple iPhone 16 Pro Max (256 Go) - Titane Noir","https://m.media-amazon.com/images/I/61cUeqowwZL.__AC_SY445_SX342_QL70_ML2_.jpg","€",1,"2025-03-11 , 01",4.3,686,1329.6
"Samsung Galaxy S25, Smartphone Android 5G avec Galaxy AI, 256 Go, Chargeur secteur rapide 25W inclus, Smartphone déverrouillé, Bleu Clair, Version FR","https://m.media-amazon.com/images/I/51kYvW4IfUL.__AC_SX300_SY300_QL70_ML2_.jpg","€",2,"2025-03-11 , 01",3.9,13,799.17
"Apple iPhone 16 Pro Max (256 Go) - Titane Noir","https://m.media-amazon.com/images/I/61cUeqowwZL.__AC_SY445_SX342_QL70_ML2_.jpg","€",1,"2025-03-11 , 13",4.3,685,1329.6
"Microsoft - Pack Surface Pro 7+ (Windows 11, écran Tactile 13'', 16 Go RAM, 256 Go SSD, Intel Core i5) Ordinateur Portable Platine + Clavier AZERTY Noir","https://m.media-amazon.com/images/I/517Hb8aUNfL.__AC_SY300_SX300_QL70_ML2_.jpg","€",7,"2025-03-11 , 13",4.7,22,1137.87
"Asus ROG Zephyrus G16-GU605MV-Q28W 16"" 2.5K OLED 240Hz PC Portable (Intel Ultra 7 Processor 4.8 GHz 16 Go RAM LPDDR5X 1 To SSD PCIe 4.0 NVMe NVIDIA RTX 4060 TGP 100W, Windows 11 Home) – Clavier AZERTY","https://m.media-amazon.com/images/I/71dPLFrNmQL.__AC_SY300_SX300_QL70_ML2_.jpg","€",12,"2025-03-11 , 13",3.0,1,2082.5
"Google Pixel 9 – Smartphone Android débloqué avec Gemini, Appareil Photo avancé, 24 Heures d'autonomie et écran Actua 6,3 Pouces – Noir Volcanique, 256GB","https://m.media-amazon.com/images/I/61bG6IqyD5L.__AC_SX300_SY300_QL70_ML2_.jpg","€",0,"2025-03-11 , 13",4.4,396,690.83
"Samsung Galaxy S25, Smartphone Android 5G avec Galaxy AI, 256 Go, Chargeur secteur rapide 25W inclus, Smartphone déverrouillé, Bleu Nuit, Version FR","https://m.media-amazon.com/images/I/51jR3AYsw0L.__AC_SX300_SY300_QL70_ML2_.jpg","€",2,"2025-03-11 , 13",3.9,13,801.66
"Xiaomi Redmi 14C Téléphone portable Android 8 + 256 Go G81 Ultra Processeur 2,0 GHz, écran 6,88"", double caméra AI 50 MP, batterie 5160 mAh, avec charge rapide 18 W, sans NFC (noir)","https://m.media-amazon.com/images/I/51ZnQD6wkxL.__AC_SX300_SY300_QL70_ML2_.jpg","€",4,"2025-03-12 , 01",3.8,13,139.0
"Microsoft Surface Pro (chargeur inclus) | Copilot+ PC | Ecran tactile OLED 13” | Snapdragon® X Elite | 16Go RAM | SSD 256Go | Dernier Modèle, 11ème Edition | Noir | Exclusivité Amazon","https://m.media-amazon.com/images/I/61JpzaEa6iL.__AC_SX300_SY300_QL70_ML2_.jpg","€",5,"2025-03-12 , 01",4.1,131,1129.03
"Google Pixel 9 – Smartphone Android débloqué avec Gemini, Appareil Photo avancé, 24 Heures d'autonomie et écran Actua 6,3 Pouces – Noir Volcanique, 256GB","https://m.media-amazon.com/images/I/61bG6IqyD5L.__AC_SX300_SY300_QL70_ML2_.jpg","€",0,"2025-03-12 , 01",4.5,398,690.83
"Apple iPhone 16 Pro Max (256 Go) - Titane Noir","https://m.media-amazon.com/images/I/61cUeqowwZL.__AC_SY445_SX342_QL70_ML2_.jpg","€",1,"2025-03-12 , 01",4.3,687,1342.49
"Dell XPS 15 9530 Intel Core i7 Ordinateur Portable 15.6"" | OLED 3.5K Tactile | Silver Black - 16 Go de RAM, SSD 1To, NVIDIA GeForce RTX 4060 - Win 11 Home - Clavier Azerty","https://m.media-amazon.com/images/I/71I2fkoBRCL.__AC_SY300_SX300_QL70_ML2_.jpg","€",13,"2025-03-12 , 01",3.7,18,2415.83
"Asus TUF Gaming A15-TUF507NUR-LP052 15.6 Pouces FHD 144Hz PC Portable (Processeur AMD Ryzen 7 7435HS 4.5 GHz, 16GB DDR5 RAM, 512GB SSD, NVIDIA GeForce RTX 4050 TGP 140W, sans OS) - Clavier AZERTY","https://m.media-amazon.com/images/I/816P5iAakXL.__AC_SX300_SY300_QL70_ML2_.jpg","€",11,"2025-03-12 , 01",4.0,16,749.99
"Apple iPhone 16 Pro Max (256 Go) - Titane Noir","https://m.media-amazon.com/images/I/61cUeqowwZL.__AC_SY445_SX342_QL70_ML2_.jpg","€",1,"2025-03-12 , 13",4.3,686,1342.49
"Xiaomi Redmi 14C Téléphone portable Android 8 + 256 Go G81 Ultra Processeur 2,0 GHz, écran 6,88"", double caméra AI 50 MP, batterie 5160 mAh, avec charge rapide 18 W, sans NFC (noir)","https://m.media-amazon.com/images/I/51ZnQD6wkxL.__AC_SX300_SY300_QL70_ML2_.jpg","€",4,"2025-03-12 , 13",3.9,14,139.0
"Asus ROG Zephyrus G16-GU605MV-Q28W 16"" 2.5K OLED 240Hz PC Portable (Intel Ultra 7 Processor 4.8 GHz 16 Go RAM LPDDR5X 1 To SSD PCIe 4.0 NVMe NVIDIA RTX 4060 TGP 100W, Windows 11 Home) – Clavier AZERTY","https://m.media-amazon.com/images/I/71dPLFrNmQL.__AC_SY300_SX300_QL70_ML2_.jpg","€",12,"2025-03-12 , 13",3.0,1,1832.6
"Google Pixel 9 – Smartphone Android débloqué avec Gemini, Appareil Photo avancé, 24 Heures d'autonomie et écran Actua 6,3 Pouces – Noir Volcanique, 256GB","https://m.media-amazon.com/images/I/61bG6IqyD5L.__AC_SX300_SY300_QL70_ML2_.jpg","€",0,"2025-03-12 , 13",4.5,403,690.83
"Microsoft Surface Laptop Studio 2 (Windows 11, écran tactile 14.4 pouces, 32 Go RAM, 1 To SSD, Intel Core i7, NVIDIA GeForce RTX 4050 Ti, Platine, clavier français) Polyvalence, puissance pour réussir","https://m.media-amazon.com/images/I/6104lZBbYeL.__AC_SX300_SY300_QL70_ML2_.jpg","€",6,"2025-03-12 , 13",5.0,4,169.67
"Microsoft - Pack Surface Pro 7+ (Windows 11, écran Tactile 13'', 16 Go RAM, 256 Go SSD, Intel Core i5) Ordinateur Portable Platine + Clavier AZERTY Noir","https://m.media-amazon.com/images/I/517Hb8aUNfL.__AC_SY300_SX300_QL70_ML2_.jpg","€",7,"2025-03-12 , 13",4.7,22,1137.88
"Apple iPhone 16 Pro Max (256 Go) - Titane Noir","https://m.media-amazon.com/images/I/61cUeqowwZL.__AC_SY445_SX342_QL70_ML2_.jpg","€",1,"2025-03-13 , 01",4.3,688,1342.49
"Samsung Galaxy S25, Smartphone Android 5G avec Galaxy AI, 256 Go, Chargeur secteur rapide 25W inclus, Smartphone déverrouillé, Bleu Nuit, Version FR","https://m.media-amazon.com/images/I/51jR3AYsw0L.__AC_SX300_SY300_QL70_ML2_.jpg","€",2,"2025-03-13 , 01",3.9,13,799.17
"Xiaomi Redmi 14C Téléphone portable Android 8 + 256 Go G81 Ultra Processeur 2,0 GHz, écran 6,88"", double caméra AI 50 MP, batterie 5160 mAh, avec charge rapide 18 W, sans NFC (noir)","https://m.media-amazon.com/images/I/51ZnQD6wkxL.__AC_SX300_SY300_QL70_ML2_.jpg","€",4,"2025-03-13 , 01",4.0,16,139.0
"Google Pixel 9 – Smartphone Android débloqué avec Gemini, Appareil Photo avancé, 24 Heures d'autonomie et écran Actua 6,3 Pouces – Noir Volcanique, 256GB","https://m.media-amazon.com/images/I/61bG6IqyD5L.__AC_SX300_SY300_QL70_ML2_.jpg","€",0,"2025-03-13 , 14",4.5,405,690.83
"Apple iPhone 16 Pro Max (256 Go) - Titane Noir","https://m.media-amazon.com/images/I/61cUeqowwZL.__AC_SY445_SX342_QL70_ML2_.jpg","€",1,"2025-03-13 , 14",4.3,690,1342.49
"Xiaomi Redmi 14C Téléphone portable Android 8 + 256 Go G81 Ultra Processeur 2,0 GHz, écran 6,88"", double caméra AI 50 MP, batterie 5160 mAh, avec charge rapide 18 W, sans NFC (noir)","https://m.media-amazon.com/images/I/51ZnQD6wkxL.__AC_SX300_SY300_QL70_ML2_.jpg","€",4,"2025-03-13 , 14",4.0,17,139.0
"Google Pixel 9 – Smartphone Android débloqué avec Gemini, Appareil Photo avancé, 24 Heures d'autonomie et écran Actua 6,3 Pouces – Noir Volcanique, 256GB","https://m.media-amazon.com/images/I/61bG6IqyD5L.__AC_SX300_SY300_QL70_ML2_.jpg","€",0,"2025-03-14 , 13",4.5,407,690.83
"Asus TUF Gaming A15-TUF507NUR-LP052 15.6 Pouces FHD 144Hz PC Portable (Processeur AMD Ryzen 7 7435HS 4.5 GHz, 16GB DDR5 RAM, 512GB SSD, NVIDIA GeForce RTX 4050 TGP 140W, sans OS) - Clavier AZERTY","https://m.media-amazon.com/images/I/816P5iAakXL.__AC_SX300_SY300_QL70_ML2_.jpg","€",11,"2025-03-14 , 13",4.1,17,749.99
"Apple iPhone 16 Pro Max (256 Go) - Titane Noir","https://m.media-amazon.com/images/I/61cUeqowwZL.__AC_SY445_SX342_QL70_ML2_.jpg","€",1,"2025-03-14 , 13",4.3,696,1343.04
"Microsoft Surface Laptop Studio 2 (Windows 11, écran tactile 14.4 pouces, 32 Go RAM, 1 To SSD, Intel Core i7, NVIDIA GeForce RTX 4050 Ti, Platine, clavier français) Polyvalence, puissance pour réussir","https://m.media-amazon.com/images/I/6104lZBbYeL.__AC_SX300_SY300_QL70_ML2_.jpg","€",6,"2025-03-14 , 13",5.0,4,183.63
"Apple iPhone 16 Pro Max (256 Go) - Titane Noir","https://m.media-amazon.com/images/I/61cUeqowwZL.__AC_SY445_SX342_QL70_ML2_.jpg","€",1,"2025-03-15 , 01",4.3,703,1343.04
"Xiaomi Redmi 14C Téléphone portable Android 8 + 256 Go G81 Ultra Processeur 2,0 GHz, écran 6,88"", double caméra AI 50 MP, batterie 5160 mAh, avec charge rapide 18 W, sans NFC (noir)","https://m.media-amazon.com/images/I/51ZnQD6wkxL.__AC_SX300_SY300_QL70_ML2_.jpg","€",4,"2025-03-15 , 01",4.0,18,139.0
"Google Pixel 9 – Smartphone Android débloqué avec Gemini, Appareil Photo avancé, 24 Heures d'autonomie et écran Actua 6,3 Pouces – Noir Volcanique, 256GB","https://m.media-amazon.com/images/I/61bG6IqyD5L.__AC_SX300_SY300_QL70_ML2_.jpg","€",0,"2025-03-15 , 13",4.5,408,690.83
"Apple iPhone 16 Pro Max (256 Go) - Titane Noir","https://m.media-amazon.com/images/I/61cUeqowwZL.__AC_SY445_SX342_QL70_ML2_.jpg","€",1,"2025-03-15 , 13",4.3,704,1343.04
"Microsoft Surface Pro (chargeur inclus) | Copilot+ PC | Ecran tactile OLED 13” | Snapdragon® X Elite | 16Go RAM | SSD 256Go | Dernier Modèle, 11ème Edition | Noir | Exclusivité Amazon","https://m.media-amazon.com/images/I/61JpzaEa6iL.__AC_SX300_SY300_QL70_ML2_.jpg","€",5,"2025-03-15 , 13",4.2,132,1129.03
"Dell XPS 15 9530 Intel Core i7 Ordinateur Portable 15.6"" | OLED 3.5K Tactile | Silver Black - 16 Go de RAM, SSD 1To, NVIDIA GeForce RTX 4060 - Win 11 Home - Clavier Azerty","https://m.media-amazon.com/images/I/71I2fkoBRCL.__AC_SY300_SX300_QL70_ML2_.jpg","€",13,"2025-03-15 , 13",3.8,19,2415.83
"Google Pixel 9 – Smartphone Android débloqué avec Gemini, Appareil Photo avancé, 24 Heures d'autonomie et écran Actua 6,3 Pouces – Noir Volcanique, 256GB","https://m.media-amazon.com/images/I/61bG6IqyD5L.__AC_SX300_SY300_QL70_ML2_.jpg","€",0,"2025-03-16 , 01",4.5,409,690.83
"Xiaomi Redmi 14C Téléphone portable Android 8 + 256 Go G81 Ultra Processeur 2,0 GHz, écran 6,88"", double caméra AI 50 MP, batterie 5160 mAh, avec charge rapide 18 W, sans NFC (noir)","https://m.media-amazon.com/images/I/51ZnQD6wkxL.__AC_SX300_SY300_QL70_ML2_.jpg","€",4,"2025-03-16 , 01",4.0,21,139.0
"Microsoft Surface Pro (chargeur inclus) | Copilot+ PC | Ecran tactile OLED 13” | Snapdragon® X Elite | 16Go RAM | SSD 256Go | Dernier Modèle, 11ème Edition | Noir | Exclusivité Amazon","https://m.media-amazon.com/images/I/61JpzaEa6iL.__AC_SX300_SY300_QL70_ML2_.jpg","€",5,"2025-03-16 , 01",4.2,133,1129.03
"Apple iPhone 16 Pro Max (256 Go) - Titane Noir","https://m.media-amazon.com/images/I/61cUeqowwZL.__AC_SY445_SX342_QL70_ML2_.jpg","€",1,"2025-03-16 , 01",4.3,708,1343.04
"Google Pixel 9 – Smartphone Android débloqué avec Gemini, Appareil Photo avancé, 24 Heures d'autonomie et écran Actua 6,3 Pouces – Noir Volcanique, 256GB","https://m.media-amazon.com/images/I/61bG6IqyD5L.__AC_SX300_SY300_QL70_ML2_.jpg","€",0,"2025-03-16 , 13",4.5,410,690.83
"Apple iPhone 16 Pro Max (256 Go) - Titane Noir","https://m.media-amazon.com/images/I/61cUeqowwZL.__AC_SY445_SX342_QL70_ML2_.jpg","€",1,"2025-03-16 , 13",4.3,711,1343.04
"Xiaomi Redmi 14C Téléphone portable Android 8 + 256 Go G81 Ultra Processeur 2,0 GHz, écran 6,88"", double caméra AI 50 MP, batterie 5160 mAh, avec charge rapide 18 W, sans NFC (noir)","https://m.media-amazon.com/images/I/51ZnQD6wkxL.__AC_SX300_SY300_QL70_ML2_.jpg","€",4,"2025-03-16 , 13",4.1,22,139.0
"Google Pixel 9 – Smartphone Android débloqué avec Gemini, Appareil Photo avancé, 24 Heures d'autonomie et écran Actua 6,3 Pouces – Noir Volcanique, 256GB","https://m.media-amazon.com/images/I/61bG6IqyD5L.__AC_SX300_SY300_QL70_ML2_.jpg","€",0,"2025-03-17 , 02",4.5,412,690.83
"HUAWEI Pura 70 Pro Smartphone, 12GB + 512GB,écran à Bords Plats, Prend en Charge Les fonctionnalités Capture Ultra-Rapide, Téléobjectif Macro Ultra Lumineux, 100W Supercharge, Batterie de 5050mAh,Noir","https://m.media-amazon.com/images/I/71Phj5dSsUL.__AC_SX300_SY300_QL70_ML2_.jpg","€",3,"2025-03-17 , 02",4.3,72,787.63
"Xiaomi Redmi 14C Téléphone portable Android 8 + 256 Go G81 Ultra Processeur 2,0 GHz, écran 6,88"", double caméra AI 50 MP, batterie 5160 mAh, avec charge rapide 18 W, sans NFC (noir)","https://m.media-amazon.com/images/I/51ZnQD6wkxL.__AC_SX300_SY300_QL70_ML2_.jpg","€",4,"2025-03-17 , 02",4.0,23,139.0
"Microsoft Surface Laptop Studio 2 (Windows 11, écran tactile 14.4 pouces, 32 Go RAM, 1 To SSD, Intel Core i7, NVIDIA GeForce RTX 4050 Ti, Platine, clavier français) Polyvalence, puissance pour réussir","https://m.media-amazon.com/images/I/6104lZBbYeL.__AC_SX300_SY300_QL70_ML2_.jpg","€",6,"2025-03-17 , 02",5.0,4,459.0
"Samsung Galaxy S25, Smartphone Android 5G avec Galaxy AI, 256 Go, Chargeur secteur rapide 25W inclus, Smartphone déverrouillé, Bleu Nuit, Version FR","https://m.media-amazon.com/images/I/51jR3AYsw0L.__AC_SX300_SY300_QL70_ML2_.jpg","€",2,"2025-03-17 , 02",4.0,14,799.17
"Microsoft Surface Pro (chargeur inclus) | Copilot+ PC | Ecran tactile OLED 13” | Snapdragon® X Elite | 16Go RAM | SSD 256Go | Dernier Modèle, 11ème Edition | Noir | Exclusivité Amazon","https://m.media-amazon.com/images/I/61JpzaEa6iL.__AC_SX300_SY300_QL70_ML2_.jpg","€",5,"2025-03-17 , 02",4.2,134,1129.03
"Apple iPhone 16 Pro Max (256 Go) - Titane Noir","https://m.media-amazon.com/images/I/61cUeqowwZL.__AC_SY445_SX342_QL70_ML2_.jpg","€",1,"2025-03-17 , 13",4.3,712,1343.04
"HUAWEI Pura 70 Pro Smartphone, 12GB + 512GB,écran à Bords Plats, Prend en Charge Les fonctionnalités Capture Ultra-Rapide, Téléobjectif Macro Ultra Lumineux, 100W Supercharge, Batterie de 5050mAh,Noir","https://m.media-amazon.com/images/I/71Phj5dSsUL.__AC_SX300_SY300_QL70_ML2_.jpg","€",3,"2025-03-17 , 13",4.3,72,233.32
"Asus ROG Zephyrus G16-GU605MV-Q28W 16"" 2.5K OLED 240Hz PC Portable (Intel Ultra 7 Processor 4.8 GHz 16 Go RAM LPDDR5X 1 To SSD PCIe 4.0 NVMe NVIDIA RTX 4060 TGP 100W, Windows 11 Home) – Clavier AZERTY","https://m.media-amazon.com/images/I/71dPLFrNmQL.__AC_SY300_SX300_QL70_ML2_.jpg","€",12,"2025-03-17 , 13",3.0,1,2082.5
"Microsoft Surface Laptop Studio 2 (Windows 11, écran tactile 14.4 pouces, 32 Go RAM, 1 To SSD, Intel Core i7, NVIDIA GeForce RTX 4050 Ti, Platine, clavier français) Polyvalence, puissance pour réussir","https://m.media-amazon.com/images/I/6104lZBbYeL.__AC_SX300_SY300_QL70_ML2_.jpg","€",6,"2025-03-17 , 13",5.0,4,183.63
"Google Pixel 9 – Smartphone Android débloqué avec Gemini, Appareil Photo avancé, 24 Heures d'autonomie et écran Actua 6,3 Pouces – Noir Volcanique, 256GB","https://m.media-amazon.com/images/I/61bG6IqyD5L.__AC_SX300_SY300_QL70_ML2_.jpg","€",0,"2025-03-18 , 01",4.5,414,690.83
"HUAWEI Pura 70 Pro Smartphone, 12GB + 512GB,écran à Bords Plats, Prend en Charge Les fonctionnalités Capture Ultra-Rapide, Téléobjectif Macro Ultra Lumineux, 100W Supercharge, Batterie de 5050mAh,Noir","https://m.media-amazon.com/images/I/71Phj5dSsUL.__AC_SX300_SY300_QL70_ML2_.jpg","€",3,"2025-03-18 , 01",4.3,72,749.99
"Apple iPhone 16 Pro Max (256 Go) - Titane Noir","https://m.media-amazon.com/images/I/61cUeqowwZL.__AC_SY445_SX342_QL70_ML2_.jpg","€",1,"2025-03-18 , 01",4.4,712,1343.04
"Apple iPhone 16 Pro Max (256 Go) - Titane Noir","https://m.media-amazon.com/images/I/61cUeqowwZL.__AC_SY445_SX342_QL70_ML2_.jpg","€",1,"2025-03-18 , 13",4.3,717,1147.18
"Microsoft Surface Pro (chargeur inclus) | Copilot+ PC | Ecran tactile OLED 13” | Snapdragon® X Elite | 16Go RAM | SSD 256Go | Dernier Modèle, 11ème Edition | Noir | Exclusivité Amazon","https://m.media-amazon.com/images/I/61JpzaEa6iL.__AC_SX300_SY300_QL70_ML2_.jpg","€",5,"2025-03-18 , 13",4.2,135,1129.03
"Google Pixel 9 – Smartphone Android débloqué avec Gemini, Appareil Photo avancé, 24 Heures d'autonomie et écran Actua 6,3 Pouces – Noir Volcanique, 256GB","https://m.media-amazon.com/images/I/61bG6IqyD5L.__AC_SX300_SY300_QL70_ML2_.jpg","€",0,"2025-03-19 , 01",4.5,415,690.83
"Samsung Galaxy S25, Smartphone Android 5G avec Galaxy AI, 256 Go, Chargeur secteur rapide 25W inclus, Smartphone déverrouillé, Bleu Nuit, Version FR","https://m.media-amazon.com/images/I/51jR3AYsw0L.__AC_SX300_SY300_QL70_ML2_.jpg","€",2,"2025-03-19 , 01",4.0,15,799.17
"HUAWEI Pura 70 Pro Smartphone, 12GB + 512GB,écran à Bords Plats, Prend en Charge Les fonctionnalités Capture Ultra-Rapide, Téléobjectif Macro Ultra Lumineux, 100W Supercharge, Batterie de 5050mAh,Noir","https://m.media-amazon.com/images/I/71Phj5dSsUL.__AC_SX300_SY300_QL70_ML2_.jpg","€",3,"2025-03-19 , 13",4.3,72,744.54
"Microsoft - Pack Surface Pro 7+ (Windows 11, écran Tactile 13'', 16 Go RAM, 256 Go SSD, Intel Core i5) Ordinateur Portable Platine + Clavier AZERTY Noir","https://m.media-amazon.com/images/I/517Hb8aUNfL.__AC_SY300_SX300_QL70_ML2_.jpg","€",7,"2025-03-19 , 13",4.7,22,1137.9
"Google Pixel 9 – Smartphone Android débloqué avec Gemini, Appareil Photo avancé, 24 Heures d'autonomie et écran Actua 6,3 Pouces – Noir Volcanique, 256GB","https://m.media-amazon.com/images/I/61bG6IqyD5L.__AC_SX300_SY300_QL70_ML2_.jpg","€",0,"2025-03-20 , 01",4.5,419,690.83
"Apple iPhone 16 Pro Max (256 Go) - Titane Noir","https://m.media-amazon.com/images/I/61cUeqowwZL.__AC_SY445_SX342_QL70_ML2_.jpg","€",1,"2025-03-20 , 01",4.4,718,1147.18
"Samsung Galaxy S25, Smartphone Android 5G avec Galaxy AI, 256 Go, Chargeur secteur rapide 25W inclus, Smartphone déverrouillé, Bleu Nuit, Version FR","https://m.media-amazon.com/images/I/51jR3AYsw0L.__AC_SX300_SY300_QL70_ML2_.jpg","€",2,"2025-03-20 , 01",4.0,16,799.17
"Microsoft Surface Pro (chargeur inclus) | Copilot+ PC | Ecran tactile OLED 13” | Snapdragon® X Elite | 16Go RAM | SSD 256Go | Dernier Modèle, 11ème Edition | Noir | Exclusivité Amazon","https://m.media-amazon.com/images/I/61JpzaEa6iL.__AC_SX300_SY300_QL70_ML2_.jpg","€",5,"2025-03-20 , 01",4.2,137,1129.03
"Microsoft - Pack Surface Pro 7+ (Windows 11, écran Tactile 13'', 16 Go RAM, 256 Go SSD, Intel Core i5) Ordinateur Portable Platine + Clavier AZERTY Noir","https://m.media-amazon.com/images/I/517Hb8aUNfL.__AC_SY300_SX300_QL70_ML2_.jpg","€",7,"2025-03-20 , 01",4.7,22,1195.14
"Asus ROG Zephyrus G16-GU605MV-Q28W 16"" 2.5K OLED 240Hz PC Portable (Intel Ultra 7 Processor 4.8 GHz 16 Go RAM LPDDR5X 1 To SSD PCIe 4.0 NVMe NVIDIA RTX 4060 TGP 100W, Windows 11 Home) – Clavier AZERTY","https://m.media-amazon.com/images/I/71dPLFrNmQL.__AC_SY300_SX300_QL70_ML2_.jpg","€",12,"2025-03-20 , 01",3.0,1,1832.6
"Google Pixel 9 – Smartphone Android débloqué avec Gemini, Appareil Photo avancé, 24 Heures d'autonomie et écran Actua 6,3 Pouces – Noir Volcanique, 256GB","https://m.media-amazon.com/images/I/61bG6IqyD5L.__AC_SX300_SY300_QL70_ML2_.jpg","€",0,"2025-03-20 , 12",4.5,420,690.83
"Apple iPhone 16 Pro Max (256 Go) - Titane Noir","https://m.media-amazon.com/images/I/61cUeqowwZL.__AC_SY445_SX342_QL70_ML2_.jpg","€",1,"2025-03-20 , 12",4.4,720,1147.18
"HUAWEI Pura 70 Pro Smartphone, 12GB + 512GB,écran à Bords Plats, Prend en Charge Les fonctionnalités Capture Ultra-Rapide, Téléobjectif Macro Ultra Lumineux, 100W Supercharge, Batterie de 5050mAh,Noir","https://m.media-amazon.com/images/I/71Phj5dSsUL.__AC_SX300_SY300_QL70_ML2_.jpg","€",3,"2025-03-20 , 12",4.3,72,735.21
"Lenovo Yoga Pro 7 14IRH8 - Ordinateur Portable 14.5'' 3K (Intel Core i7-13700H, RAM 16Go, SSD 1To, NVIDIA GeForce RTX 4050 6Go, Windows 11 Home) Clavier rétroéclairé AZERTY Français - Bleu","https://m.media-amazon.com/images/I/71mOEvGML9L.__AC_SX300_SY300_QL70_ML2_.jpg","€",10,"2025-03-20 , 12",4.2,8,691.66
"Lenovo Yoga Pro 7 14IRH8 - Ordinateur Portable 14.5'' 3K (Intel Core i7-13700H, RAM 16Go, SSD 1To, NVIDIA GeForce RTX 4050 6Go, Windows 11 Home) Clavier rétroéclairé AZERTY Français - Bleu","https://m.media-amazon.com/images/I/71mOEvGML9L.__AC_SX300_SY300_QL70_ML2_.jpg","€",14,"2025-03-20 , 12",4.2,8,691.66
"Microsoft Surface Laptop Studio 2 (Windows 11, écran tactile 14.4 pouces, 32 Go RAM, 1 To SSD, Intel Core i7, NVIDIA GeForce RTX 4050 Ti, Platine, clavier français) Polyvalence, puissance pour réussir","https://m.media-amazon.com/images/I/6104lZBbYeL.__AC_SX300_SY300_QL70_ML2_.jpg","€",6,"2025-03-21 , 02",5.0,4,181.4
"Google Pixel 9 – Smartphone Android débloqué avec Gemini, Appareil Photo avancé, 24 Heures d'autonomie et écran Actua 6,3 Pouces – Noir Volcanique, 256GB","https://m.media-amazon.com/images/I/61bG6IqyD5L.__AC_SX300_SY300_QL70_ML2_.jpg","€",0,"2025-03-21 , 02",4.5,422,690.83
"Apple iPhone 16 Pro Max (256 Go) - Titane Noir","https://m.media-amazon.com/images/I/61cUeqowwZL.__AC_SY445_SX342_QL70_ML2_.jpg","€",1,"2025-03-21 , 02",4.3,724,1315.06
"Apple iPhone 16 Pro Max (256 Go) - Titane Noir","https://m.media-amazon.com/images/I/61cUeqowwZL.__AC_SY445_SX342_QL70_ML2_.jpg","€",1,"2025-03-21 , 13",4.3,725,1143.9
"Xiaomi Redmi 14C Téléphone portable Android 8 + 256 Go, processeur G81-Ultra, 2,0 GHz, écran 6,88"", double appareil photo 50 MP, batterie 5160 mAh, charge rapide 18 W, bleu","https://m.media-amazon.com/images/I/612KZF3V+ZL._AC_SY300_SX300_.jpg","€",4,"2025-03-21 , 13",4.0,24,149.0
"Microsoft Surface Pro (chargeur inclus) | Copilot+ PC | Ecran tactile OLED 13” | Snapdragon® X Elite | 16Go RAM | SSD 256Go | Dernier Modèle, 11ème Edition | Noir | Exclusivité Amazon","https://m.media-amazon.com/images/I/61JpzaEa6iL.__AC_SX300_SY300_QL70_ML2_.jpg","€",5,"2025-03-21 , 13",4.2,136,1129.03
"Google Pixel 9 – Smartphone Android débloqué avec Gemini, Appareil Photo avancé, 24 Heures d'autonomie et écran Actua 6,3 Pouces – Noir Volcanique, 256GB","https://m.media-amazon.com/images/I/61bG6IqyD5L.__AC_SX300_SY300_QL70_ML2_.jpg","€",0,"2025-03-21 , 13",4.5,423,668.32
"Google Pixel 9 – Smartphone Android débloqué avec Gemini, Appareil Photo avancé, 24 Heures d'autonomie et écran Actua 6,3 Pouces – Noir Volcanique, 256GB","https://m.media-amazon.com/images/I/61bG6IqyD5L.__AC_SX300_SY300_QL70_ML2_.jpg","€",0,"2025-03-22 , 01",4.5,425,668.32
"Apple iPhone 16 Pro Max (256 Go) - Titane Noir","https://m.media-amazon.com/images/I/61cUeqowwZL.__AC_SY445_SX342_QL70_ML2_.jpg","€",1,"2025-03-22 , 01",4.4,725,1143.9
"Samsung Galaxy S25, Smartphone Android 5G avec Galaxy AI, 256 Go, Chargeur secteur rapide 25W inclus, Smartphone déverrouillé, Bleu Nuit, Version FR","https://m.media-amazon.com/images/I/51jR3AYsw0L.__AC_SX300_SY300_QL70_ML2_.jpg","€",2,"2025-03-22 , 01",4.1,17,751.66
"Google Pixel 9 – Smartphone Android débloqué avec Gemini, Appareil Photo avancé, 24 Heures d'autonomie et écran Actua 6,3 Pouces – Noir Volcanique, 256GB","https://m.media-amazon.com/images/I/61bG6IqyD5L.__AC_SX300_SY300_QL70_ML2_.jpg","€",0,"2025-03-22 , 12",4.5,429,668.32
"Apple iPhone 16 Pro Max (256 Go) - Titane Noir","https://m.media-amazon.com/images/I/61cUeqowwZL.__AC_SY445_SX342_QL70_ML2_.jpg","€",1,"2025-03-22 , 12",4.4,729,1143.9
"Lenovo Yoga Pro 7 14IRH8 - Ordinateur Portable 14.5'' 3K (Intel Core i7-13700H, RAM 16Go, SSD 1To, NVIDIA GeForce RTX 4050 6Go, Windows 11 Home) Clavier rétroéclairé AZERTY Français - Bleu","https://m.media-amazon.com/images/I/71mOEvGML9L.__AC_SX300_SY300_QL70_ML2_.jpg","€",10,"2025-03-22 , 12",4.2,8,113.16
"Lenovo Yoga Pro 7 14IRH8 - Ordinateur Portable 14.5'' 3K (Intel Core i7-13700H, RAM 16Go, SSD 1To, NVIDIA GeForce RTX 4050 6Go, Windows 11 Home) Clavier rétroéclairé AZERTY Français - Bleu","https://m.media-amazon.com/images/I/71mOEvGML9L.__AC_SX300_SY300_QL70_ML2_.jpg","€",14,"2025-03-22 , 12",4.2,8,113.16
"HUAWEI Pura 70 Pro Smartphone, 12GB + 512GB,écran à Bords Plats, Prend en Charge Les fonctionnalités Capture Ultra-Rapide, Téléobjectif Macro Ultra Lumineux, 100W Supercharge, Batterie de 5050mAh,Noir","https://m.media-amazon.com/images/I/71Phj5dSsUL.__AC_SX300_SY300_QL70_ML2_.jpg","€",3,"2025-03-22 , 12",4.3,73,735.21
"Xiaomi Redmi 14C Téléphone portable Android 8 + 256 Go, processeur G81-Ultra, 2,0 GHz, écran 6,88"", double appareil photo 50 MP, batterie 5160 mAh, charge rapide 18 W, bleu","https://m.media-amazon.com/images/I/612KZF3V+ZL._AC_SY300_SX300_.jpg","€",4,"2025-03-22 , 12",4.0,25,149.0
"Apple iPhone 16 Pro Max (256 Go) - Titane Noir","https://m.media-amazon.com/images/I/61cUeqowwZL.__AC_SY445_SX342_QL70_ML2_.jpg","€",1,"2025-03-23 , 02",4.4,733,1311.3
"Google Pixel 9 – Smartphone Android débloqué avec Gemini, Appareil Photo avancé, 24 Heures d'autonomie et écran Actua 6,3 Pouces – Noir Volcanique, 256GB","https://m.media-amazon.com/images/I/61bG6IqyD5L.__AC_SX300_SY300_QL70_ML2_.jpg","€",0,"2025-03-23 , 02",4.5,430,668.32
"Google Pixel 9 – Smartphone Android débloqué avec Gemini, Appareil Photo avancé, 24 Heures d'autonomie et écran Actua 6,3 Pouces – Noir Volcanique, 256GB","https://m.media-amazon.com/images/I/61bG6IqyD5L.__AC_SX300_SY300_QL70_ML2_.jpg","€",0,"2025-03-23 , 13",4.5,431,668.32
"Apple iPhone 16 Pro Max (256 Go) - Titane Noir","https://m.media-amazon.com/images/I/61cUeqowwZL.__AC_SY445_SX342_QL70_ML2_.jpg","€",1,"2025-03-23 , 13",4.4,738,1311.3
"Asus TUF Gaming A15-TUF507NUR-LP052 15.6 Pouces FHD 144Hz PC Portable (Processeur AMD Ryzen 7 7435HS 4.5 GHz, 16GB DDR5 RAM, 512GB SSD, NVIDIA GeForce RTX 4050 TGP 140W, sans OS) - Clavier AZERTY","https://m.media-amazon.com/images/I/816P5iAakXL.__AC_SX300_SY300_QL70_ML2_.jpg","€",11,"2025-03-24 , 02",4.1,17,916.66
"Lenovo Yoga Pro 7 14IRH8 - Ordinateur Portable 14.5'' 3K (Intel Core i7-13700H, RAM 16Go, SSD 1To, NVIDIA GeForce RTX 4050 6Go, Windows 11 Home) Clavier rétroéclairé AZERTY Français - Bleu","https://m.media-amazon.com/images/I/71mOEvGML9L.__AC_SX300_SY300_QL70_ML2_.jpg","€",14,"2025-03-24 , 02",4.2,8,910.46
"Google Pixel 9 – Smartphone Android débloqué avec Gemini, Appareil Photo avancé, 24 Heures d'autonomie et écran Actua 6,3 Pouces – Noir Volcanique, 256GB","https://m.media-amazon.com/images/I/61bG6IqyD5L.__AC_SX300_SY300_QL70_ML2_.jpg","€",0,"2025-03-24 , 02",4.5,431,10.82
"Microsoft Surface Pro (chargeur inclus) | Copilot+ PC | Ecran tactile OLED 13"" | Snapdragon® X Elite | 16Go RAM | SSD 256Go | Dernier Modèle, 11ème Edition | Noir | Exclusivité Amazon","https://m.media-amazon.com/images/I/61JpzaEa6iL.__AC_SX300_SY300_QL70_ML2_.jpg","€",5,"2025-03-24 , 13","",0,1129.03
"Asus ROG Zephyrus G16-GU605MV-Q28W 16"" 2.5K OLED 240Hz PC Portable (Intel Ultra 7 Processor 4.8 GHz 16 Go RAM LPDDR5X 1 To SSD PCIe 4.0 NVMe NVIDIA RTX 4060 TGP 100W, Windows 11 Home) – Clavier AZERTY","https://m.media-amazon.com/images/I/71dPLFrNmQL.__AC_SY300_SX300_QL70_ML2_.jpg","€",12,"2025-03-24 , 13",3.0,1,1740.97
"Lenovo Yoga Pro 7 14IRH8 - Ordinateur Portable 14.5'' 3K (Intel Core i7-13700H, RAM 16Go, SSD 1To, NVIDIA GeForce RTX 4050 6Go, Windows 11 Home) Clavier rétroéclairé AZERTY Français - Bleu","https://m.media-amazon.com/images/I/71mOEvGML9L.__AC_SX300_SY300_QL70_ML2_.jpg","€",14,"2025-03-24 , 13",4.2,8,113.16
"Apple iPhone 16 Pro Max (256 Go) - Titane Noir","https://m.media-amazon.com/images/I/61cUeqowwZL.__AC_SY445_SX342_QL70_ML2_.jpg","€",1,"2025-03-24 , 13",4.4,742,1311.3
"Google Pixel 9 – Smartphone Android débloqué avec Gemini, Appareil Photo avancé, 24 Heures d'autonomie et écran Actua 6,3 Pouces – Noir Volcanique, 256GB","https://m.media-amazon.com/images/I/61bG6IqyD5L.__AC_SX300_SY300_QL70_ML2_.jpg","€",0,"2025-03-25 , 02",4.5,433,665.83
"Apple iPhone 16 Pro Max (256 Go) - Titane Noir","https://m.media-amazon.com/images/I/61cUeqowwZL.__AC_SY445_SX342_QL70_ML2_.jpg","€",1,"2025-03-25 , 02",4.4,746,1311.3
"Microsoft Surface Pro (chargeur inclus) | Copilot+ PC | Ecran tactile OLED 13"" | Snapdragon® X Elite | 16Go RAM | SSD 256Go | Dernier Modèle, 11ème Edition | Noir | Exclusivité Amazon","https://m.media-amazon.com/images/I/61JpzaEa6iL.__AC_SX300_SY300_QL70_ML2_.jpg","€",5,"2025-03-25 , 02",4.1,152,874.17
"Asus TUF Gaming A15-TUF507NUR-LP052 15.6 Pouces FHD 144Hz PC Portable (Processeur AMD Ryzen 7 7435HS 4.5 GHz, 16GB DDR5 RAM, 512GB SSD, NVIDIA GeForce RTX 4050 TGP 140W, sans OS) - Clavier AZERTY","https://m.media-amazon.com/images/I/816P5iAakXL.__AC_SX300_SY300_QL70_ML2_.jpg","€",11,"2025-03-25 , 02",4.1,18,708.32
"Microsoft Surface Laptop Studio 2 (Windows 11, écran tactile 14.4 pouces, 32 Go RAM, 1 To SSD, Intel Core i7, NVIDIA GeForce RTX 4050 Ti, Platine, clavier français) Polyvalence, puissance pour réussir","https://m.media-amazon.com/images/I/6104lZBbYeL.__AC_SX300_SY300_QL70_ML2_.jpg","€",6,"2025-03-25 , 02",5.0,4,2419.67
"Google Pixel 9 – Smartphone Android débloqué avec Gemini, Appareil Photo avancé, 24 Heures d'autonomie et écran Actua 6,3 Pouces – Noir Volcanique, 256GB","https://m.media-amazon.com/images/I/61bG6IqyD5L.__AC_SX300_SY300_QL70_ML2_.jpg","€",0,"2025-03-25 , 13",4.5,434,665.83
"Microsoft Surface Laptop Studio 2 (Windows 11, écran tactile 14.4 pouces, 32 Go RAM, 1 To SSD, Intel Core i7, NVIDIA GeForce RTX 4050 Ti, Platine, clavier français) Polyvalence, puissance pour réussir","https://m.media-amazon.com/images/I/6104lZBbYeL.__AC_SX300_SY300_QL70_ML2_.jpg","€",6,"2025-03-25 , 13",5.0,4,2669.67
"Apple iPhone 16 Pro Max (256 Go) - Titane Noir","https://m.media-amazon.com/images/I/61cUeqowwZL.__AC_SY445_SX342_QL70_ML2_.jpg","€",1,"2025-03-25 , 13",4.3,754,1143.9
"Microsoft Surface Pro (chargeur inclus) | Copilot+ PC | Ecran tactile OLED 13"" | Snapdragon® X Elite | 16Go RAM | SSD 256Go | Dernier Modèle, 11ème Edition | Noir | Exclusivité Amazon","https://m.media-amazon.com/images/I/61JpzaEa6iL.__AC_SX300_SY300_QL70_ML2_.jpg","€",5,"2025-03-25 , 13",4.1,153,874.17
"Samsung Galaxy S25, Smartphone Android 5G avec Galaxy AI, 256 Go, Chargeur secteur rapide 25W inclus, Smartphone déverrouillé, Bleu Nuit, Version FR","https://m.media-amazon.com/images/I/51jR3AYsw0L.__AC_SX300_SY300_QL70_ML2_.jpg","€",2,"2025-03-25 , 13",4.1,17,799.17
"Xiaomi Redmi 14C Téléphone portable Android 8 + 256 Go G81 Ultra Processeur 2,0 GHz, écran 6,88"", double caméra AI 50 MP, batterie 5160 mAh, avec charge rapide 18 W, sans NFC (noir)","https://m.media-amazon.com/images/I/51ZnQD6wkxL.__AC_SX300_SY300_QL70_ML2_.jpg","€",4,"2025-03-25 , 13",4.0,25,127.0
"Lenovo Yoga Pro 7 14IRH8 - Ordinateur Portable 14.5'' 3K (Intel Core i7-13700H, RAM 16Go, SSD 1To, NVIDIA GeForce RTX 4050 6Go, Windows 11 Home) Clavier rétroéclairé AZERTY Français - Bleu","https://m.media-amazon.com/images/I/71mOEvGML9L.__AC_SX300_SY300_QL70_ML2_.jpg","€",10,"2025-03-26 , 02",4.2,8,1249.99
"Lenovo Yoga Pro 7 14IRH8 - Ordinateur Portable 14.5'' 3K (Intel Core i7-13700H, RAM 16Go, SSD 1To, NVIDIA GeForce RTX 4050 6Go, Windows 11 Home) Clavier rétroéclairé AZERTY Français - Bleu","https://m.media-amazon.com/images/I/71mOEvGML9L.__AC_SX300_SY300_QL70_ML2_.jpg","€",14,"2025-03-26 , 02",4.2,8,1249.99
"Apple iPhone 16 Pro Max (256 Go) - Titane Noir","https://m.media-amazon.com/images/I/61cUeqowwZL.__AC_SY445_SX342_QL70_ML2_.jpg","€",1,"2025-03-26 , 02",4.4,752,1306.59
"Apple iPhone 16 Pro Max (256 Go) - Titane Noir","https://m.media-amazon.com/images/I/61cUeqowwZL.__AC_SY445_SX342_QL70_ML2_.jpg","€",1,"2025-03-26 , 14",4.4,750,1306.59
"Microsoft Surface Pro (chargeur inclus) | Copilot+ PC | Ecran tactile OLED 13"" | Snapdragon® X Elite | 16Go RAM | SSD 256Go | Dernier Modèle, 11ème Edition | Noir | Exclusivité Amazon","https://m.media-amazon.com/images/I/61JpzaEa6iL.__AC_SX300_SY300_QL70_ML2_.jpg","€",5,"2025-03-26 , 14",4.1,153,832.5
"Apple iPhone 16 Pro Max (256 Go) - Titane Noir","https://m.media-amazon.com/images/I/61cUeqowwZL.__AC_SY445_SX342_QL70_ML2_.jpg","€",1,"2025-03-27 , 01",4.4,751,1315.06
"Microsoft Surface Laptop Studio 2 (Windows 11, écran tactile 14.4 pouces, 32 Go RAM, 1 To SSD, Intel Core i7, NVIDIA GeForce RTX 4050 Ti, Platine, clavier français) Polyvalence, puissance pour réussir","https://m.media-amazon.com/images/I/6104lZBbYeL.__AC_SX300_SY300_QL70_ML2_.jpg","€",6,"2025-03-27 , 01",5.0,4,2661.0
"Apple iPhone 16 Pro Max (256 Go) - Titane Noir","https://m.media-amazon.com/images/I/61cUeqowwZL.__AC_SY445_SX342_QL70_ML2_.jpg","€",1,"2025-03-27 , 13",4.4,752,1315.06
"Microsoft Surface Pro (chargeur inclus) | Copilot+ PC | Ecran tactile OLED 13"" | Snapdragon® X Elite | 16Go RAM | SSD 256Go | Dernier Modèle, 11ème Edition | Noir | Exclusivité Amazon","https://m.media-amazon.com/images/I/61JpzaEa6iL.__AC_SX300_SY300_QL70_ML2_.jpg","€",5,"2025-03-27 , 13",4.1,154,832.5
"Lenovo Yoga Pro 7 14IRH8 - Ordinateur Portable 14.5'' 3K (Intel Core i7-13700H, RAM 16Go, SSD 1To, NVIDIA GeForce RTX 4050 6Go, Windows 11 Home) Clavier rétroéclairé AZERTY Français - Bleu","https://m.media-amazon.com/images/I/71mOEvGML9L.__AC_SX300_SY300_QL70_ML2_.jpg","€",10,"2025-03-28 , 02",4.2,8,742.21
"Lenovo Yoga Pro 7 14IRH8 - Ordinateur Portable 14.5'' 3K (Intel Core i7-13700H, RAM 16Go, SSD 1To, NVIDIA GeForce RTX 4050 6Go, Windows 11 Home) Clavier rétroéclairé AZERTY Français - Bleu","https://m.media-amazon.com/images/I/71mOEvGML9L.__AC_SX300_SY300_QL70_ML2_.jpg","€",14,"2025-03-28 , 02",4.2,8,742.21
"Apple iPhone 16 Pro Max (256 Go) - Titane Noir","https://m.media-amazon.com/images/I/61cUeqowwZL.__AC_SY445_SX342_QL70_ML2_.jpg","€",1,"2025-03-28 , 13",4.4,752,1306.6
"Asus TUF Gaming A15-TUF507NUR-LP052 15.6 Pouces FHD 144Hz PC Portable (Processeur AMD Ryzen 7 7435HS 4.5 GHz, 16GB DDR5 RAM, 512GB SSD, NVIDIA GeForce RTX 4050 TGP 140W, sans OS) - Clavier AZERTY","https://m.media-amazon.com/images/I/816P5iAakXL.__AC_SX300_SY300_QL70_ML2_.jpg","€",11,"2025-03-28 , 13",4.1,18,666.66
"Asus ROG Zephyrus G16-GU605MV-Q28W 16"" 2.5K OLED 240Hz PC Portable (Intel Ultra 7 Processor 4.8 GHz 16 Go RAM LPDDR5X 1 To SSD PCIe 4.0 NVMe NVIDIA RTX 4060 TGP 100W, Windows 11 Home) – Clavier AZERTY","https://m.media-amazon.com/images/I/71dPLFrNmQL.__AC_SY300_SX300_QL70_ML2_.jpg","€",12,"2025-03-28 , 13",3.0,1,1653.92
"Apple iPhone 16 Pro Max (256 Go) - Titane Noir","https://m.media-amazon.com/images/I/61cUeqowwZL.__AC_SY445_SX342_QL70_ML2_.jpg","€",1,"2025-03-29 , 01",4.4,762,1306.6
"Apple iPhone 16 Pro Max (256 Go) - Titane Noir","https://m.media-amazon.com/images/I/61cUeqowwZL.__AC_SY445_SX342_QL70_ML2_.jpg","€",1,"2025-03-29 , 13",4.4,769,1306.6
"HUAWEI Pura 70 Pro Smartphone, 12GB + 512GB,écran à Bords Plats, Prend en Charge Les fonctionnalités Capture Ultra-Rapide, Téléobjectif Macro Ultra Lumineux, 100W Supercharge, Batterie de 5050mAh,Noir","https://m.media-amazon.com/images/I/71Phj5dSsUL.__AC_SX300_SY300_QL70_ML2_.jpg","€",3,"2025-03-29 , 13",4.3,74,735.21
"Xiaomi Redmi 14C Téléphone portable Android 8 + 256 Go G81 Ultra Processeur 2,0 GHz, écran 6,88"", double caméra AI 50 MP, batterie 5160 mAh, avec charge rapide 18 W, sans NFC (noir)","https://m.media-amazon.com/images/I/51ZnQD6wkxL.__AC_SX300_SY300_QL70_ML2_.jpg","€",4,"2025-03-29 , 13",4.0,26,127.0
"Microsoft Surface Pro (chargeur inclus) | Copilot+ PC | Ecran tactile OLED 13"" | Snapdragon® X Elite | 16Go RAM | SSD 256Go | Dernier Modèle, 11ème Edition | Noir | Exclusivité Amazon","https://m.media-amazon.com/images/I/61JpzaEa6iL.__AC_SX300_SY300_QL70_ML2_.jpg","€",5,"2025-03-29 , 13",4.1,159,832.5
"Google Pixel 9 – Smartphone Android débloqué avec Gemini, Appareil Photo avancé, 24 Heures d'autonomie et écran Actua 6,3 Pouces – Noir Volcanique, 256GB","https://m.media-amazon.com/images/I/61bG6IqyD5L.__AC_SX300_SY300_QL70_ML2_.jpg","€",0,"2025-03-29 , 13",4.5,445,665.83
"Google Pixel 9 – Smartphone Android débloqué avec Gemini, Appareil Photo avancé, 24 Heures d'autonomie et écran Actua 6,3 Pouces – Noir Volcanique, 256GB","https://m.media-amazon.com/images/I/61bG6IqyD5L.__AC_SX300_SY300_QL70_ML2_.jpg","€",0,"2025-03-30 , 02",4.5,446,665.83
"Apple iPhone 16 Pro Max (256 Go) - Titane Noir","https://m.media-amazon.com/images/I/61cUeqowwZL.__AC_SY445_SX342_QL70_ML2_.jpg","€",1,"2025-03-30 , 02",4.4,769,1334.4
"Google Pixel 9 – Smartphone Android débloqué avec Gemini, Appareil Photo avancé, 24 Heures d'autonomie et écran Actua 6,3 Pouces – Noir Volcanique, 256GB","https://m.media-amazon.com/images/I/61bG6IqyD5L.__AC_SX300_SY300_QL70_ML2_.jpg","€",0,"2025-03-30 , 13",4.5,452,665.83
"HUAWEI Pura 70 Pro Smartphone, 12GB + 512GB,écran à Bords Plats, Prend en Charge Les fonctionnalités Capture Ultra-Rapide, Téléobjectif Macro Ultra Lumineux, 100W Supercharge, Batterie de 5050mAh,Noir","https://m.media-amazon.com/images/I/71Phj5dSsUL.__AC_SX300_SY300_QL70_ML2_.jpg","€",3,"2025-03-30 , 13",4.3,74,735.03
"Lenovo Yoga Pro 7 14IRH8 - Ordinateur Portable 14.5'' 3K (Intel Core i7-13700H, RAM 16Go, SSD 1To, NVIDIA GeForce RTX 4050 6Go, Windows 11 Home) Clavier rétroéclairé AZERTY Français - Bleu","https://m.media-amazon.com/images/I/71mOEvGML9L.__AC_SX300_SY300_QL70_ML2_.jpg","€",14,"2025-03-30 , 13",4.2,8,855.59
"Apple iPhone 16 Pro Max (256 Go) - Titane Noir","https://m.media-amazon.com/images/I/61cUeqowwZL.__AC_SY445_SX342_QL70_ML2_.jpg","€",1,"2025-03-30 , 13",4.4,776,1306.6
"Lenovo Yoga Pro 7 14IRH8 - Ordinateur Portable 14.5'' 3K (Intel Core i7-13700H, RAM 16Go, SSD 1To, NVIDIA GeForce RTX 4050 6Go, Windows 11 Home) Clavier rétroéclairé AZERTY Français - Bleu","https://m.media-amazon.com/images/I/71mOEvGML9L.__AC_SX300_SY300_QL70_ML2_.jpg","€",10,"2025-03-30 , 13",4.2,8,855.59
"Microsoft Surface Pro (chargeur inclus) | Copilot+ PC | Ecran tactile OLED 13"" | Snapdragon® X Elite | 16Go RAM | SSD 256Go | Dernier Modèle, 11ème Edition | Noir | Exclusivité Amazon","https://m.media-amazon.com/images/I/61JpzaEa6iL.__AC_SX300_SY300_QL70_ML2_.jpg","€",5,"2025-03-31 , 02",4.1,160,832.5
"Asus ROG Zephyrus G16-GU605MV-Q28W 16"" 2.5K OLED 240Hz PC Portable (Intel Ultra 7 Processor 4.8 GHz 16 Go RAM LPDDR5X 1 To SSD PCIe 4.0 NVMe NVIDIA RTX 4060 TGP 100W, Windows 11 Home) – Clavier AZERTY","https://m.media-amazon.com/images/I/71dPLFrNmQL.__AC_SY300_SX300_QL70_ML2_.jpg","€",12,"2025-03-31 , 02",3.0,1,1669.74
"Google Pixel 9 – Smartphone Android débloqué avec Gemini, Appareil Photo avancé, 24 Heures d'autonomie et écran Actua 6,3 Pouces – Noir Volcanique, 256GB","https://m.media-amazon.com/images/I/61bG6IqyD5L.__AC_SX300_SY300_QL70_ML2_.jpg","€",0,"2025-03-31 , 02",4.5,451,665.83
"Google Pixel 9 – Smartphone Android débloqué avec Gemini, Appareil Photo avancé, 24 Heures d'autonomie et écran Actua 6,3 Pouces – Noir Volcanique, 256GB","https://m.media-amazon.com/images/I/61bG6IqyD5L.__AC_SX300_SY300_QL70_ML2_.jpg","€",0,"2025-03-31 , 12",4.5,452,665.83
"HUAWEI Pura 70 Pro Smartphone, 12GB + 512GB,écran à Bords Plats, Prend en Charge Les fonctionnalités Capture Ultra-Rapide, Téléobjectif Macro Ultra Lumineux, 100W Supercharge, Batterie de 5050mAh,Noir","https://m.media-amazon.com/images/I/71Phj5dSsUL.__AC_SX300_SY300_QL70_ML2_.jpg","€",3,"2025-03-31 , 12",4.3,75,735.03
"Microsoft - Pack Surface Pro 7+ (Windows 11, écran Tactile 13'', 16 Go RAM, 256 Go SSD, Intel Core i5) Ordinateur Portable Platine + Clavier AZERTY Noir","https://m.media-amazon.com/images/I/517Hb8aUNfL.__AC_SY300_SX300_QL70_ML2_.jpg","€",7,"2025-03-31 , 12",4.7,22,1082.01
"Lenovo Legion Pro 5 16IRX8 - Ordinateur Portable 16'' WQXGA 165Hz (Intel Core i7-13700HX, RAM 32Go, SSD 1To, NVIDIA RTX 4070 8Go, Windows 11 Home) Clavier rétroéclairé AZERTY Français - Gris","https://m.media-amazon.com/images/I/818nqu6M8QL.__AC_SY300_SX300_QL70_ML2_.jpg","€",9,"2025-03-31 , 12",4.0,17,2166.66
"Lenovo Yoga Pro 7 14IRH8 - Ordinateur Portable 14.5'' 3K (Intel Core i7-13700H, RAM 16Go, SSD 1To, NVIDIA GeForce RTX 4050 6Go, Windows 11 Home) Clavier rétroéclairé AZERTY Français - Bleu","https://m.media-amazon.com/images/I/71mOEvGML9L.__AC_SX300_SY300_QL70_ML2_.jpg","€",10,"2025-03-31 , 12",4.2,8,1083.32
"Lenovo Yoga Pro 7 14IRH8 - Ordinateur Portable 14.5'' 3K (Intel Core i7-13700H, RAM 16Go, SSD 1To, NVIDIA GeForce RTX 4050 6Go, Windows 11 Home) Clavier rétroéclairé AZERTY Français - Bleu","https://m.media-amazon.com/images/I/71mOEvGML9L.__AC_SX300_SY300_QL70_ML2_.jpg","€",14,"2025-03-31 , 12",4.2,8,1083.32
"Apple iPhone 16 Pro Max (256 Go) - Titane Noir","https://m.media-amazon.com/images/I/61cUeqowwZL.__AC_SY445_SX342_QL70_ML2_.jpg","€",1,"2025-03-31 , 12",4.3,784,1333.44
"Asus TUF Gaming A15-TUF507NUR-LP052 15.6 Pouces FHD 144Hz PC Portable (Processeur AMD Ryzen 7 7435HS 4.5 GHz, 16GB DDR5 RAM, 512GB SSD, NVIDIA GeForce RTX 4050 TGP 140W, sans OS) - Clavier AZERTY","https://m.media-amazon.com/images/I/816P5iAakXL.__AC_SX300_SY300_QL70_ML2_.jpg","€",11,"2025-03-31 , 12",4.2,19,666.66
"Apple iPhone 16 Pro Max (256 Go) - Titane Noir","https://m.media-amazon.com/images/I/61cUeqowwZL.__AC_SY445_SX342_QL70_ML2_.jpg","€",1,"2025-04-01 , 02",4.4,786,1305.66
"HUAWEI Pura 70 Pro Smartphone, 12GB + 512GB,écran à Bords Plats, Prend en Charge Les fonctionnalités Capture Ultra-Rapide, Téléobjectif Macro Ultra Lumineux, 100W Supercharge, Batterie de 5050mAh,Noir","https://m.media-amazon.com/images/I/71Phj5dSsUL.__AC_SX300_SY300_QL70_ML2_.jpg","€",3,"2025-04-01 , 02",4.3,75,624.99
"Asus TUF Gaming A15-TUF507NUR-LP052 15.6 Pouces FHD 144Hz PC Portable (Processeur AMD Ryzen 7 7435HS 4.5 GHz, 16GB DDR5 RAM, 512GB SSD, NVIDIA GeForce RTX 4050 TGP 140W, sans OS) - Clavier AZERTY","https://m.media-amazon.com/images/I/816P5iAakXL.__AC_SX300_SY300_QL70_ML2_.jpg","€",11,"2025-04-01 , 02",4.2,19,916.66
"Microsoft Surface Pro (chargeur inclus) | Copilot+ PC | Ecran tactile OLED 13"" | Snapdragon® X Elite | 16Go RAM | SSD 256Go | Dernier Modèle, 11ème Edition | Noir | Exclusivité Amazon","https://m.media-amazon.com/images/I/61JpzaEa6iL.__AC_SX300_SY300_QL70_ML2_.jpg","€",5,"2025-04-01 , 02",4.1,161,1665.83
"Microsoft - Pack Surface Pro 7+ (Windows 11, écran Tactile 13'', 16 Go RAM, 256 Go SSD, Intel Core i5) Ordinateur Portable Platine + Clavier AZERTY Noir","https://m.media-amazon.com/images/I/517Hb8aUNfL.__AC_SY300_SX300_QL70_ML2_.jpg","€",7,"2025-04-01 , 02",4.7,22,1095.21
"Google Pixel 9 – Smartphone Android débloqué avec Gemini, Appareil Photo avancé, 24 Heures d'autonomie et écran Actua 6,3 Pouces – Noir Volcanique, 256GB","https://m.media-amazon.com/images/I/61bG6IqyD5L.__AC_SX300_SY300_QL70_ML2_.jpg","€",0,"2025-04-01 , 02",4.5,453,10.82
"Apple iPhone 16 Pro Max (256 Go) - Titane Noir","https://m.media-amazon.com/images/I/61cUeqowwZL.__AC_SY445_SX342_QL70_ML2_.jpg","€",1,"2025-04-01 , 12",4.4,787,1302.84
"Microsoft Surface Pro (chargeur inclus) | Copilot+ PC | Ecran tactile OLED 13"" | Snapdragon® X Elite | 16Go RAM | SSD 256Go | Dernier Modèle, 11ème Edition | Noir | Exclusivité Amazon","https://m.media-amazon.com/images/I/61JpzaEa6iL.__AC_SX300_SY300_QL70_ML2_.jpg","€",5,"2025-04-01 , 12",4.1,161,1129.03
"Google Pixel 9 – Smartphone Android débloqué avec Gemini, Appareil Photo avancé, 24 Heures d'autonomie et écran Actua 6,3 Pouces – Noir Volcanique, 256GB","https://m.media-amazon.com/images/I/61bG6IqyD5L.__AC_SX300_SY300_QL70_ML2_.jpg","€",0,"2025-04-01 , 12",4.5,455,10.82
"Samsung Galaxy S25, Smartphone Android 5G avec Galaxy AI, 256 Go, Chargeur secteur rapide 25W inclus, Smartphone déverrouillé, Bleu Nuit, Version FR","https://m.media-amazon.com/images/I/71tYM+h12jL._AC_SY300_SX300_.jpg","€",2,"2025-04-01 , 12",4.1,17,801.66
"Google Pixel 9 – Smartphone Android débloqué avec Gemini, Appareil Photo avancé, 24 Heures d'autonomie et écran Actua 6,3 Pouces – Noir Volcanique, 256GB","https://m.media-amazon.com/images/I/61bG6IqyD5L.__AC_SX300_SY300_QL70_ML2_.jpg","€",0,"2025-04-02 , 01",4.5,457,665.83
"Apple iPhone 16 Pro Max (256 Go) - Titane Noir","https://m.media-amazon.com/images/I/61cUeqowwZL.__AC_SY445_SX342_QL70_ML2_.jpg","€",1,"2025-04-02 , 01",4.4,790,1302.84
"HUAWEI Pura 70 Pro Smartphone, 12GB + 512GB,écran à Bords Plats, Prend en Charge Les fonctionnalités Capture Ultra-Rapide, Téléobjectif Macro Ultra Lumineux, 100W Supercharge, Batterie de 5050mAh,Noir","https://m.media-amazon.com/images/I/71Phj5dSsUL.__AC_SX300_SY300_QL70_ML2_.jpg","€",3,"2025-04-02 , 01",4.3,75,749.99
"Microsoft Surface Pro (chargeur inclus) | Copilot+ PC | Ecran tactile OLED 13"" | Snapdragon® X Elite | 16Go RAM | SSD 256Go | Dernier Modèle, 11ème Edition | Noir | Exclusivité Amazon","https://m.media-amazon.com/images/I/61JpzaEa6iL.__AC_SX300_SY300_QL70_ML2_.jpg","€",5,"2025-04-02 , 01",4.1,161,1374.17
"Lenovo Legion Pro 5 16IRX8 - Ordinateur Portable 16'' WQXGA 165Hz (Intel Core i7-13700HX, RAM 32Go, SSD 1To, NVIDIA RTX 4070 8Go, Windows 11 Home) Clavier rétroéclairé AZERTY Français - Gris","https://m.media-amazon.com/images/I/818nqu6M8QL.__AC_SY300_SX300_QL70_ML2_.jpg","€",9,"2025-04-02 , 01",4.0,18,2166.66
"Microsoft - Pack Surface Pro 7+ (Windows 11, écran Tactile 13'', 16 Go RAM, 256 Go SSD, Intel Core i5) Ordinateur Portable Platine + Clavier AZERTY Noir","https://m.media-amazon.com/images/I/517Hb8aUNfL.__AC_SY300_SX300_QL70_ML2_.jpg","€",7,"2025-04-02 , 01",4.7,22,1121.52
"Samsung Galaxy S25, Smartphone Android 5G avec Galaxy AI, 256 Go, Chargeur secteur rapide 25W inclus, Smartphone déverrouillé, Bleu Nuit, Version FR","https://m.media-amazon.com/images/I/71tYM+h12jL._AC_SY300_SX300_.jpg","€",2,"2025-04-02 , 01",4.1,18,801.66
"Google Pixel 9 – Smartphone Android débloqué avec Gemini, Appareil Photo avancé, 24 Heures d'autonomie et écran Actua 6,3 Pouces – Noir Volcanique, 256GB","https://m.media-amazon.com/images/I/61bG6IqyD5L.__AC_SX300_SY300_QL70_ML2_.jpg","€",0,"2025-04-02 , 13",4.5,459,665.83
"Apple iPhone 16 Pro Max (256 Go) - Titane Noir","https://m.media-amazon.com/images/I/61cUeqowwZL.__AC_SY445_SX342_QL70_ML2_.jpg","€",1,"2025-04-02 , 13",4.4,793,1302.84
"Samsung Galaxy S25, Smartphone Android 5G avec Galaxy AI, 256 Go, Chargeur secteur rapide 25W inclus, Smartphone déverrouillé, Bleu Nuit, Version FR","https://m.media-amazon.com/images/I/71tYM+h12jL._AC_SY300_SX300_.jpg","€",2,"2025-04-03 , 01",4.1,19,801.66
"Google Pixel 9 – Smartphone Android débloqué avec Gemini, Appareil Photo avancé, 24 Heures d'autonomie et écran Actua 6,3 Pouces – Noir Volcanique, 256GB","https://m.media-amazon.com/images/I/61bG6IqyD5L.__AC_SX300_SY300_QL70_ML2_.jpg","€",0,"2025-04-03 , 13",4.5,462,665.83
"Apple iPhone 16 Pro Max (256 Go) - Titane Noir","https://m.media-amazon.com/images/I/61cUeqowwZL.__AC_SY445_SX342_QL70_ML2_.jpg","€",1,"2025-04-03 , 13",4.3,794,1298.14
"Xiaomi Redmi 14C Téléphone portable Android 8 + 256 Go G81 Ultra Processeur 2,0 GHz, écran 6,88"", double caméra AI 50 MP, batterie 5160 mAh, avec charge rapide 18 W, sans NFC (noir)","https://m.media-amazon.com/images/I/51ZnQD6wkxL.__AC_SX300_SY300_QL70_ML2_.jpg","€",4,"2025-04-03 , 13",4.1,27,127.0
"Microsoft Surface Pro (chargeur inclus) | Copilot+ PC | Ecran tactile OLED 13"" | Snapdragon® X Elite | 16Go RAM | SSD 256Go | Dernier Modèle, 11ème Edition | Noir | Exclusivité Amazon","https://m.media-amazon.com/images/I/61JpzaEa6iL.__AC_SX300_SY300_QL70_ML2_.jpg","€",5,"2025-04-03 , 13",4.1,162,1374.17
"Lenovo Yoga Pro 7 14IRH8 - Ordinateur Portable 14.5'' 3K (Intel Core i7-13700H, RAM 16Go, SSD 1To, NVIDIA GeForce RTX 4050 6Go, Windows 11 Home) Clavier rétroéclairé AZERTY Français - Bleu","https://m.media-amazon.com/images/I/71mOEvGML9L.__AC_SX300_SY300_QL70_ML2_.jpg","€",10,"2025-04-03 , 13",4.2,8,920.82
"Lenovo Yoga Pro 7 14IRH8 - Ordinateur Portable 14.5'' 3K (Intel Core i7-13700H, RAM 16Go, SSD 1To, NVIDIA GeForce RTX 4050 6Go, Windows 11 Home) Clavier rétroéclairé AZERTY Français - Bleu","https://m.media-amazon.com/images/I/71mOEvGML9L.__AC_SX300_SY300_QL70_ML2_.jpg","€",14,"2025-04-03 , 13",4.2,8,920.82
"Microsoft - Pack Surface Pro 7+ (Windows 11, écran Tactile 13'', 16 Go RAM, 256 Go SSD, Intel Core i5) Ordinateur Portable Platine + Clavier AZERTY Noir","https://m.media-amazon.com/images/I/517Hb8aUNfL.__AC_SY300_SX300_QL70_ML2_.jpg","€",7,"2025-04-03 , 13",4.7,22,1221.74
"Google Pixel 9 – Smartphone Android débloqué avec Gemini, Appareil Photo avancé, 24 Heures d'autonomie et écran Actua 6,3 Pouces – Noir Volcanique, 256GB","https://m.media-amazon.com/images/I/61bG6IqyD5L.__AC_SX300_SY300_QL70_ML2_.jpg","€",0,"2025-04-04 , 01",4.5,464,665.83
"Apple iPhone 16 Pro Max (256 Go) - Titane Noir","https://m.media-amazon.com/images/I/61cUeqowwZL.__AC_SY445_SX342_QL70_ML2_.jpg","€",1,"2025-04-04 , 01",4.4,796,1325.76
"Dell XPS 15 9530 Intel Core i7 Ordinateur Portable 15.6"" | OLED 3.5K Tactile | Silver Black - 16 Go de RAM, SSD 1To, NVIDIA GeForce RTX 4060 - Win 11 Home - Clavier Azerty","https://m.media-amazon.com/images/I/71I2fkoBRCL.__AC_SY300_SX300_QL70_ML2_.jpg","€",13,"2025-04-04 , 01",3.9,20,2415.83
"Apple iPhone 16 Pro Max (256 Go) - Titane Noir","https://m.media-amazon.com/images/I/61cUeqowwZL.__AC_SY445_SX342_QL70_ML2_.jpg","€",1,"2025-04-04 , 13",4.3,796,1325.76
"Samsung Galaxy S25, Smartphone Android 5G avec Galaxy AI, 256 Go, Chargeur secteur rapide 25W inclus, Smartphone déverrouillé, Bleu Nuit, Version FR","https://m.media-amazon.com/images/I/71tYM+h12jL._AC_SY300_SX300_.jpg","€",2,"2025-04-04 , 13",4.1,19,751.66
"Google Pixel 9 – Smartphone Android débloqué avec Gemini, Appareil Photo avancé, 24 Heures d'autonomie et écran Actua 6,3 Pouces – Noir Volcanique, 256GB","https://m.media-amazon.com/images/I/61bG6IqyD5L.__AC_SX300_SY300_QL70_ML2_.jpg","€",0,"2025-04-05 , 01",4.5,468,665.83
"Apple iPhone 16 Pro Max (256 Go) - Titane Noir","https://m.media-amazon.com/images/I/61cUeqowwZL.__AC_SY445_SX342_QL70_ML2_.jpg","€",1,"2025-04-05 , 01",4.3,798,1333.44
"Xiaomi Redmi 14C Téléphone portable Android 8 + 256 Go G81 Ultra Processeur 2,0 GHz, écran 6,88"", double caméra AI 50 MP, batterie 5160 mAh, avec charge rapide 18 W, sans NFC (noir)","https://m.media-amazon.com/images/I/51ZnQD6wkxL.__AC_SX300_SY300_QL70_ML2_.jpg","€",4,"2025-04-05 , 01",4.1,28,127.0
"Microsoft Surface Pro (chargeur inclus) | Copilot+ PC | Ecran tactile OLED 13"" | Snapdragon® X Elite | 16Go RAM | SSD 256Go | Dernier Modèle, 11ème Edition | Noir | Exclusivité Amazon","https://m.media-amazon.com/images/I/61JpzaEa6iL.__AC_SX300_SY300_QL70_ML2_.jpg","€",5,"2025-04-05 , 01",4.1,163,1374.17
"Lenovo Yoga Pro 7 14IRH8 - Ordinateur Portable 14.5'' 3K (Intel Core i7-13700H, RAM 16Go, SSD 1To, NVIDIA GeForce RTX 4050 6Go, Windows 11 Home) Clavier rétroéclairé AZERTY Français - Bleu","https://m.media-amazon.com/images/I/71mOEvGML9L.__AC_SX300_SY300_QL70_ML2_.jpg","€",10,"2025-04-05 , 01",4.2,8,1083.32
"Asus TUF Gaming A15-TUF507NUR-LP052 15.6 Pouces FHD 144Hz PC Portable (Processeur AMD Ryzen 7 7435HS 4.5 GHz, 16GB DDR5 RAM, 512GB SSD, NVIDIA GeForce RTX 4050 TGP 140W, sans OS) - Clavier AZERTY","https://m.media-amazon.com/images/I/816P5iAakXL.__AC_SX300_SY300_QL70_ML2_.jpg","€",11,"2025-04-05 , 01",4.2,20,916.66
"Lenovo Yoga Pro 7 14IRH8 - Ordinateur Portable 14.5'' 3K (Intel Core i7-13700H, RAM 16Go, SSD 1To, NVIDIA GeForce RTX 4050 6Go, Windows 11 Home) Clavier rétroéclairé AZERTY Français - Bleu","https://m.media-amazon.com/images/I/71mOEvGML9L.__AC_SX300_SY300_QL70_ML2_.jpg","€",14,"2025-04-05 , 01",4.2,8,1083.32
"Google Pixel 9 – Smartphone Android débloqué avec Gemini, Appareil Photo avancé, 24 Heures d'autonomie et écran Actua 6,3 Pouces – Noir Volcanique, 256GB","https://m.media-amazon.com/images/I/61bG6IqyD5L.__AC_SX300_SY300_QL70_ML2_.jpg","€",0,"2025-04-05 , 13",4.5,470,665.83
"Apple iPhone 16 Pro Max (256 Go) - Titane Noir","https://m.media-amazon.com/images/I/61cUeqowwZL.__AC_SY445_SX342_QL70_ML2_.jpg","€",1,"2025-04-05 , 13",4.3,802,1333.44
"Microsoft Surface Pro (chargeur inclus) | Copilot+ PC | Ecran tactile OLED 13"" | Snapdragon® X Elite | 16Go RAM | SSD 256Go | Dernier Modèle, 11ème Edition | Noir | Exclusivité Amazon","https://m.media-amazon.com/images/I/61JpzaEa6iL.__AC_SX300_SY300_QL70_ML2_.jpg","€",5,"2025-04-05 , 13",4.1,164,1374.17
"Apple iPhone 16 Pro Max (256 Go) - Titane Noir","https://m.media-amazon.com/images/I/61cUeqowwZL.__AC_SY445_SX342_QL70_ML2_.jpg","€",1,"2025-04-06 , 01",4.4,803,1325.76
"Microsoft Surface Laptop Go (Windows 10, écran tactile 12,45"", Intel Core i5, 8 Go RAM, 256 Go SSD, clavier AZERTY français) - Bleu Glacier - L'ordinateur portable Surface le plus léger","https://m.media-amazon.com/images/I/61Uz20r08cL.__AC_SX300_SY300_QL70_ML2_.jpg","€",8,"2025-04-06 , 01",4.4,317,900.0
"Google Pixel 9 – Smartphone Android débloqué avec Gemini, Appareil Photo avancé, 24 Heures d'autonomie et écran Actua 6,3 Pouces – Noir Volcanique, 256GB","https://m.media-amazon.com/images/I/61bG6IqyD5L.__AC_SX300_SY300_QL70_ML2_.jpg","€",0,"2025-04-06 , 01",4.5,472,665.83
